<sim quantum='5' delta='5' noise='10'>
	<providers>
		<provider state='on' market_status='free' agent='NONE' name='p1'>
			<resource ncpu='1' mem='1023'/>
			<resource ncpu='2' mem='1022'/>
			<resource ncpu='3' mem='1021'/>
		</provider>
		<provider state='on' market_status='free' agent='NONE' name='p2'>
			<resource ncpu='2' mem='300'/>
			<resource ncpu='1' mem='1024'/>
			<resource ncpu='10' mem='1024'/>
		</provider>
	</providers>

	<clients>
		<client agent='NONE' name='c1'>
			<job value='150' ncpu='1' mem='128' arrival='1' remaining='15' budget='1500'/>
			<job value='100' ncpu='1' mem='128' arrival='10' remaining='25' budget='1000'/>
			<job value='150' ncpu='1' mem='128' arrival='15' remaining='15' budget='1500'/>
			<job value='100' ncpu='1' mem='128' arrival='10' remaining='50' budget='1000'/>
			<job value='150' ncpu='1' mem='128' arrival='5' remaining='150' budget='1500'/>
			<job value='100' ncpu='1' mem='128' arrival='20' remaining='5' budget='1000'/>
			<job value='150' ncpu='1' mem='128' arrival='25' remaining='15' budget='1500'/>
			<job value='100' ncpu='1' mem='128' arrival='30' remaining='5' budget='1000'/>
		</client>
		<client agent='NONE' name='c2'>
			<job value='150' ncpu='1' mem='128' arrival='1' remaining='15' budget='30'/>
			<job value='100' ncpu='1' mem='128' arrival='10' remaining='25' budget='40'/>
			<job value='150' ncpu='1' mem='128' arrival='15' remaining='15' budget='15'/>
			<job value='100' ncpu='1' mem='128' arrival='10' remaining='50' budget='20'/>
			<job value='150' ncpu='1' mem='128' arrival='5' remaining='150' budget='40'/>
			<job value='100' ncpu='1' mem='128' arrival='20' remaining='5' budget='50'/>
			<job value='150' ncpu='1' mem='128' arrival='25' remaining='15' budget='15'/>
			<job value='100' ncpu='1' mem='128' arrival='30' remaining='5' budget='100'/>
		</client>
	</clients>
</sim>
