<sim quantum='5' delta='5' noise='10' migration='1' bid_window='15'>
	<providers>
		<provider state='on' market_status='free' agent='NO_INC' name='p0'>
			<resource ncpu='19' mem='3029'/>
			<resource ncpu='20' mem='3241'/>
			<resource ncpu='15' mem='3906'/>
		</provider>
		<provider state='on' market_status='free' agent='NO_INC' name='p1'>
			<resource ncpu='13' mem='3212'/>
			<resource ncpu='13' mem='3722'/>
			<resource ncpu='20' mem='3671'/>
		</provider>
		<provider state='on' market_status='free' agent='NO_INC' name='p2'>
			<resource ncpu='13' mem='4090'/>
			<resource ncpu='13' mem='2813'/>
			<resource ncpu='17' mem='4095'/>
		</provider>
		<provider state='on' market_status='free' agent='NO_INC' name='p3'>
			<resource ncpu='20' mem='2992'/>
			<resource ncpu='19' mem='4028'/>
			<resource ncpu='12' mem='3292'/>
		</provider>
		<provider state='on' market_status='free' agent='NO_INC' name='p4'>
			<resource ncpu='16' mem='3478'/>
			<resource ncpu='13' mem='3675'/>
			<resource ncpu='19' mem='3012'/>
		</provider>
		<provider state='on' market_status='free' agent='NO_INC' name='p5'>
			<resource ncpu='13' mem='2621'/>
			<resource ncpu='20' mem='2997'/>
			<resource ncpu='11' mem='2776'/>
		</provider>
		<provider state='on' market_status='free' agent='NO_INC' name='p6'>
			<resource ncpu='15' mem='3329'/>
			<resource ncpu='20' mem='3405'/>
			<resource ncpu='12' mem='3552'/>
		</provider>
		<provider state='on' market_status='free' agent='NO_INC' name='p7'>
			<resource ncpu='20' mem='3719'/>
			<resource ncpu='15' mem='2794'/>
			<resource ncpu='17' mem='4051'/>
		</provider>
		<provider state='on' market_status='free' agent='NO_INC' name='p8'>
			<resource ncpu='15' mem='3602'/>
			<resource ncpu='18' mem='2643'/>
			<resource ncpu='18' mem='2912'/>
		</provider>
		<provider state='on' market_status='free' agent='NO_INC' name='p9'>
			<resource ncpu='19' mem='3399'/>
			<resource ncpu='14' mem='4073'/>
			<resource ncpu='20' mem='3114'/>
		</provider>
	</providers>

	<clients>
		<client agent='AVOID_MIGRATION' name='c0'>
			<job value='0' ncpu='10' mem='985' arrival='8' remaining='50' budget='95226'/>
			<job value='2' ncpu='2' mem='1027' arrival='11' remaining='30' budget='66216'/>
			<job value='12' ncpu='6' mem='1995' arrival='13' remaining='45' budget='28780'/>
			<job value='15' ncpu='9' mem='1932' arrival='21' remaining='40' budget='10929'/>
			<job value='8' ncpu='8' mem='1092' arrival='22' remaining='30' budget='54006'/>
			<job value='10' ncpu='9' mem='1506' arrival='32' remaining='30' budget='82622'/>
			<job value='14' ncpu='8' mem='1356' arrival='36' remaining='35' budget='78460'/>
			<job value='12' ncpu='1' mem='2035' arrival='41' remaining='45' budget='53751'/>
			<job value='5' ncpu='7' mem='1678' arrival='49' remaining='35' budget='70869'/>
			<job value='7' ncpu='7' mem='1448' arrival='53' remaining='35' budget='40129'/>
			<job value='1' ncpu='1' mem='598' arrival='58' remaining='45' budget='19647'/>
			<job value='15' ncpu='5' mem='1234' arrival='61' remaining='40' budget='34610'/>
			<job value='8' ncpu='8' mem='538' arrival='71' remaining='30' budget='53103'/>
			<job value='3' ncpu='8' mem='1602' arrival='81' remaining='35' budget='31354'/>
			<job value='9' ncpu='5' mem='1978' arrival='89' remaining='50' budget='19594'/>
			<job value='13' ncpu='2' mem='1887' arrival='93' remaining='30' budget='25149'/>
			<job value='2' ncpu='5' mem='2001' arrival='100' remaining='50' budget='97397'/>
			<job value='14' ncpu='1' mem='555' arrival='107' remaining='45' budget='64137'/>
			<job value='15' ncpu='5' mem='1364' arrival='111' remaining='35' budget='77019'/>
			<job value='15' ncpu='9' mem='1626' arrival='118' remaining='35' budget='91403'/>
			<job value='1' ncpu='7' mem='2003' arrival='121' remaining='40' budget='63301'/>
			<job value='9' ncpu='6' mem='1875' arrival='127' remaining='45' budget='93319'/>
			<job value='0' ncpu='8' mem='741' arrival='128' remaining='50' budget='88263'/>
			<job value='14' ncpu='6' mem='1799' arrival='130' remaining='50' budget='99056'/>
			<job value='6' ncpu='3' mem='1573' arrival='131' remaining='30' budget='20951'/>
			<job value='3' ncpu='1' mem='1248' arrival='140' remaining='35' budget='99776'/>
			<job value='8' ncpu='9' mem='1120' arrival='147' remaining='50' budget='56284'/>
			<job value='6' ncpu='9' mem='605' arrival='150' remaining='40' budget='51476'/>
			<job value='1' ncpu='2' mem='570' arrival='154' remaining='30' budget='37716'/>
			<job value='4' ncpu='5' mem='1938' arrival='162' remaining='30' budget='49615'/>
		</client>
		<client agent='AVOID_MIGRATION' name='c1'>
			<job value='9' ncpu='5' mem='1491' arrival='6' remaining='45' budget='68585'/>
			<job value='7' ncpu='1' mem='1744' arrival='7' remaining='35' budget='89277'/>
			<job value='0' ncpu='2' mem='1594' arrival='8' remaining='45' budget='48365'/>
			<job value='6' ncpu='10' mem='1425' arrival='16' remaining='40' budget='85446'/>
			<job value='13' ncpu='7' mem='1794' arrival='23' remaining='35' budget='50707'/>
			<job value='0' ncpu='7' mem='579' arrival='26' remaining='50' budget='23480'/>
			<job value='6' ncpu='1' mem='1045' arrival='34' remaining='40' budget='68047'/>
			<job value='5' ncpu='3' mem='1529' arrival='39' remaining='50' budget='23290'/>
			<job value='13' ncpu='9' mem='1884' arrival='46' remaining='40' budget='91245'/>
			<job value='2' ncpu='1' mem='805' arrival='50' remaining='45' budget='30838'/>
			<job value='15' ncpu='1' mem='1994' arrival='56' remaining='30' budget='70385'/>
			<job value='2' ncpu='9' mem='1865' arrival='66' remaining='35' budget='16136'/>
			<job value='11' ncpu='5' mem='1400' arrival='67' remaining='45' budget='92564'/>
			<job value='2' ncpu='8' mem='1723' arrival='69' remaining='50' budget='34888'/>
			<job value='4' ncpu='2' mem='1869' arrival='74' remaining='40' budget='23321'/>
			<job value='15' ncpu='2' mem='1582' arrival='81' remaining='30' budget='62918'/>
			<job value='8' ncpu='3' mem='1209' arrival='88' remaining='35' budget='88085'/>
			<job value='15' ncpu='1' mem='1159' arrival='94' remaining='40' budget='58560'/>
			<job value='13' ncpu='4' mem='1226' arrival='102' remaining='40' budget='60431'/>
			<job value='12' ncpu='1' mem='1186' arrival='103' remaining='30' budget='41424'/>
			<job value='10' ncpu='6' mem='1525' arrival='112' remaining='50' budget='33977'/>
			<job value='14' ncpu='6' mem='1755' arrival='120' remaining='30' budget='47055'/>
			<job value='9' ncpu='1' mem='1002' arrival='123' remaining='45' budget='71432'/>
			<job value='2' ncpu='1' mem='1883' arrival='125' remaining='45' budget='39637'/>
			<job value='5' ncpu='4' mem='611' arrival='129' remaining='40' budget='81064'/>
			<job value='8' ncpu='9' mem='1152' arrival='137' remaining='50' budget='33068'/>
			<job value='10' ncpu='1' mem='545' arrival='142' remaining='35' budget='58145'/>
			<job value='8' ncpu='7' mem='1185' arrival='147' remaining='50' budget='22110'/>
			<job value='6' ncpu='4' mem='1880' arrival='149' remaining='35' budget='33859'/>
			<job value='1' ncpu='9' mem='1732' arrival='159' remaining='50' budget='42784'/>
		</client>
		<client agent='AVOID_MIGRATION' name='c2'>
			<job value='7' ncpu='2' mem='1291' arrival='4' remaining='40' budget='95059'/>
			<job value='15' ncpu='9' mem='1320' arrival='5' remaining='40' budget='42077'/>
			<job value='4' ncpu='7' mem='894' arrival='7' remaining='50' budget='69343'/>
			<job value='6' ncpu='1' mem='1093' arrival='13' remaining='35' budget='42226'/>
			<job value='2' ncpu='3' mem='920' arrival='23' remaining='30' budget='51720'/>
			<job value='8' ncpu='8' mem='1143' arrival='31' remaining='50' budget='54424'/>
			<job value='1' ncpu='3' mem='1355' arrival='34' remaining='50' budget='73128'/>
			<job value='13' ncpu='1' mem='1681' arrival='42' remaining='40' budget='47045'/>
			<job value='3' ncpu='4' mem='1301' arrival='44' remaining='40' budget='21505'/>
			<job value='7' ncpu='5' mem='661' arrival='53' remaining='45' budget='91137'/>
			<job value='15' ncpu='4' mem='2021' arrival='62' remaining='45' budget='36827'/>
			<job value='15' ncpu='6' mem='1311' arrival='67' remaining='40' budget='57883'/>
			<job value='8' ncpu='1' mem='1012' arrival='77' remaining='40' budget='48837'/>
			<job value='5' ncpu='4' mem='885' arrival='84' remaining='40' budget='13770'/>
			<job value='7' ncpu='1' mem='1938' arrival='92' remaining='30' budget='65405'/>
			<job value='10' ncpu='3' mem='1581' arrival='102' remaining='40' budget='86474'/>
			<job value='2' ncpu='3' mem='1225' arrival='111' remaining='45' budget='95414'/>
			<job value='15' ncpu='4' mem='786' arrival='113' remaining='35' budget='13045'/>
			<job value='3' ncpu='10' mem='541' arrival='118' remaining='50' budget='49443'/>
			<job value='7' ncpu='9' mem='730' arrival='121' remaining='50' budget='57795'/>
			<job value='1' ncpu='10' mem='1994' arrival='130' remaining='50' budget='55909'/>
			<job value='9' ncpu='4' mem='1217' arrival='137' remaining='40' budget='55703'/>
			<job value='5' ncpu='7' mem='1184' arrival='140' remaining='40' budget='53508'/>
			<job value='4' ncpu='10' mem='1172' arrival='147' remaining='45' budget='96927'/>
			<job value='11' ncpu='5' mem='762' arrival='156' remaining='35' budget='83643'/>
			<job value='1' ncpu='7' mem='1683' arrival='158' remaining='35' budget='34301'/>
			<job value='0' ncpu='10' mem='779' arrival='161' remaining='45' budget='83578'/>
			<job value='8' ncpu='3' mem='1325' arrival='168' remaining='50' budget='28774'/>
			<job value='13' ncpu='2' mem='1838' arrival='178' remaining='40' budget='28948'/>
			<job value='7' ncpu='9' mem='1535' arrival='183' remaining='35' budget='12864'/>
		</client>
		<client agent='AVOID_MIGRATION' name='c3'>
			<job value='1' ncpu='8' mem='1832' arrival='2' remaining='30' budget='14749'/>
			<job value='1' ncpu='10' mem='1178' arrival='6' remaining='30' budget='24449'/>
			<job value='12' ncpu='2' mem='623' arrival='11' remaining='35' budget='29309'/>
			<job value='14' ncpu='3' mem='742' arrival='13' remaining='50' budget='20036'/>
			<job value='9' ncpu='5' mem='596' arrival='22' remaining='40' budget='19853'/>
			<job value='4' ncpu='10' mem='1199' arrival='32' remaining='50' budget='61503'/>
			<job value='12' ncpu='5' mem='1939' arrival='37' remaining='30' budget='32357'/>
			<job value='3' ncpu='3' mem='1058' arrival='42' remaining='40' budget='28130'/>
			<job value='8' ncpu='4' mem='1054' arrival='48' remaining='45' budget='42552'/>
			<job value='8' ncpu='4' mem='1415' arrival='51' remaining='50' budget='21974'/>
			<job value='2' ncpu='8' mem='1584' arrival='56' remaining='50' budget='31787'/>
			<job value='15' ncpu='3' mem='1906' arrival='64' remaining='45' budget='27359'/>
			<job value='4' ncpu='9' mem='1561' arrival='68' remaining='30' budget='20167'/>
			<job value='7' ncpu='10' mem='1578' arrival='70' remaining='50' budget='40965'/>
			<job value='12' ncpu='2' mem='722' arrival='80' remaining='45' budget='91910'/>
			<job value='2' ncpu='5' mem='1622' arrival='85' remaining='35' budget='23992'/>
			<job value='5' ncpu='10' mem='1458' arrival='91' remaining='45' budget='19554'/>
			<job value='11' ncpu='7' mem='1107' arrival='100' remaining='35' budget='37140'/>
			<job value='6' ncpu='9' mem='704' arrival='103' remaining='50' budget='17847'/>
			<job value='1' ncpu='7' mem='1521' arrival='108' remaining='30' budget='11789'/>
			<job value='2' ncpu='5' mem='1896' arrival='113' remaining='30' budget='99383'/>
			<job value='2' ncpu='4' mem='1384' arrival='115' remaining='30' budget='46527'/>
			<job value='1' ncpu='8' mem='1164' arrival='123' remaining='35' budget='72236'/>
			<job value='4' ncpu='8' mem='719' arrival='129' remaining='45' budget='66045'/>
			<job value='8' ncpu='4' mem='1681' arrival='133' remaining='50' budget='15405'/>
			<job value='8' ncpu='2' mem='1554' arrival='140' remaining='35' budget='91070'/>
			<job value='11' ncpu='7' mem='1601' arrival='148' remaining='50' budget='80926'/>
			<job value='0' ncpu='4' mem='892' arrival='153' remaining='35' budget='30723'/>
			<job value='13' ncpu='8' mem='866' arrival='154' remaining='30' budget='58283'/>
			<job value='1' ncpu='4' mem='1157' arrival='161' remaining='40' budget='63891'/>
		</client>
		<client agent='AVOID_MIGRATION' name='c4'>
			<job value='15' ncpu='9' mem='1901' arrival='3' remaining='35' budget='39967'/>
			<job value='12' ncpu='6' mem='935' arrival='12' remaining='45' budget='94161'/>
			<job value='6' ncpu='4' mem='1602' arrival='21' remaining='40' budget='10257'/>
			<job value='13' ncpu='8' mem='1057' arrival='31' remaining='40' budget='38171'/>
			<job value='12' ncpu='1' mem='1834' arrival='36' remaining='30' budget='82540'/>
			<job value='9' ncpu='2' mem='1067' arrival='39' remaining='40' budget='39294'/>
			<job value='0' ncpu='3' mem='1420' arrival='45' remaining='45' budget='68984'/>
			<job value='9' ncpu='10' mem='513' arrival='46' remaining='40' budget='25234'/>
			<job value='12' ncpu='9' mem='1603' arrival='52' remaining='30' budget='72044'/>
			<job value='13' ncpu='5' mem='1521' arrival='62' remaining='30' budget='49368'/>
			<job value='14' ncpu='8' mem='1249' arrival='64' remaining='30' budget='61314'/>
			<job value='5' ncpu='9' mem='876' arrival='73' remaining='45' budget='41834'/>
			<job value='7' ncpu='8' mem='878' arrival='76' remaining='35' budget='56164'/>
			<job value='5' ncpu='10' mem='1926' arrival='77' remaining='30' budget='37107'/>
			<job value='2' ncpu='7' mem='1266' arrival='85' remaining='30' budget='37108'/>
			<job value='0' ncpu='8' mem='2028' arrival='94' remaining='30' budget='39917'/>
			<job value='15' ncpu='7' mem='576' arrival='102' remaining='40' budget='75700'/>
			<job value='7' ncpu='5' mem='1545' arrival='111' remaining='45' budget='56184'/>
			<job value='8' ncpu='10' mem='1458' arrival='112' remaining='50' budget='70537'/>
			<job value='9' ncpu='8' mem='1077' arrival='116' remaining='35' budget='57403'/>
			<job value='9' ncpu='7' mem='1919' arrival='124' remaining='30' budget='11948'/>
			<job value='13' ncpu='5' mem='641' arrival='128' remaining='45' budget='99565'/>
			<job value='1' ncpu='4' mem='1977' arrival='134' remaining='50' budget='59959'/>
			<job value='10' ncpu='2' mem='1689' arrival='135' remaining='50' budget='23085'/>
			<job value='5' ncpu='7' mem='712' arrival='136' remaining='40' budget='89623'/>
			<job value='6' ncpu='4' mem='1618' arrival='138' remaining='40' budget='15517'/>
			<job value='7' ncpu='3' mem='1306' arrival='142' remaining='45' budget='58650'/>
			<job value='10' ncpu='9' mem='1684' arrival='145' remaining='30' budget='86407'/>
			<job value='14' ncpu='9' mem='1612' arrival='154' remaining='50' budget='20442'/>
			<job value='2' ncpu='7' mem='1233' arrival='164' remaining='40' budget='61359'/>
		</client>
		<client agent='AVOID_MIGRATION' name='c5'>
			<job value='6' ncpu='6' mem='784' arrival='3' remaining='30' budget='84859'/>
			<job value='4' ncpu='5' mem='1236' arrival='7' remaining='40' budget='84178'/>
			<job value='3' ncpu='2' mem='982' arrival='15' remaining='40' budget='50823'/>
			<job value='3' ncpu='9' mem='2027' arrival='20' remaining='45' budget='32737'/>
			<job value='1' ncpu='7' mem='1487' arrival='30' remaining='35' budget='50545'/>
			<job value='10' ncpu='8' mem='1150' arrival='37' remaining='35' budget='84658'/>
			<job value='12' ncpu='8' mem='732' arrival='46' remaining='30' budget='98056'/>
			<job value='13' ncpu='10' mem='1314' arrival='55' remaining='50' budget='73105'/>
			<job value='0' ncpu='6' mem='880' arrival='56' remaining='30' budget='67821'/>
			<job value='2' ncpu='3' mem='1335' arrival='58' remaining='45' budget='65298'/>
			<job value='1' ncpu='8' mem='1877' arrival='60' remaining='50' budget='12991'/>
			<job value='13' ncpu='5' mem='1977' arrival='67' remaining='30' budget='86320'/>
			<job value='13' ncpu='1' mem='1245' arrival='77' remaining='50' budget='31875'/>
			<job value='14' ncpu='7' mem='1361' arrival='85' remaining='45' budget='79252'/>
			<job value='15' ncpu='9' mem='1849' arrival='95' remaining='50' budget='86951'/>
			<job value='5' ncpu='7' mem='537' arrival='97' remaining='45' budget='51294'/>
			<job value='6' ncpu='4' mem='1144' arrival='106' remaining='30' budget='46389'/>
			<job value='2' ncpu='1' mem='1878' arrival='112' remaining='35' budget='32479'/>
			<job value='15' ncpu='7' mem='1018' arrival='122' remaining='30' budget='46754'/>
			<job value='10' ncpu='3' mem='887' arrival='128' remaining='40' budget='15009'/>
			<job value='10' ncpu='8' mem='1317' arrival='129' remaining='50' budget='18528'/>
			<job value='10' ncpu='3' mem='1958' arrival='133' remaining='45' budget='67912'/>
			<job value='0' ncpu='10' mem='1068' arrival='136' remaining='50' budget='73429'/>
			<job value='1' ncpu='5' mem='569' arrival='138' remaining='45' budget='98900'/>
			<job value='2' ncpu='6' mem='1764' arrival='144' remaining='50' budget='27200'/>
			<job value='7' ncpu='10' mem='1480' arrival='153' remaining='40' budget='65830'/>
			<job value='1' ncpu='9' mem='687' arrival='157' remaining='35' budget='20091'/>
			<job value='6' ncpu='8' mem='1720' arrival='162' remaining='35' budget='66608'/>
			<job value='2' ncpu='10' mem='2029' arrival='172' remaining='35' budget='38506'/>
			<job value='10' ncpu='3' mem='1768' arrival='177' remaining='45' budget='72507'/>
		</client>
		<client agent='AVOID_MIGRATION' name='c6'>
			<job value='2' ncpu='5' mem='1175' arrival='7' remaining='40' budget='13234'/>
			<job value='5' ncpu='4' mem='1344' arrival='16' remaining='50' budget='88063'/>
			<job value='1' ncpu='1' mem='718' arrival='24' remaining='35' budget='58492'/>
			<job value='12' ncpu='7' mem='1303' arrival='25' remaining='30' budget='91796'/>
			<job value='12' ncpu='3' mem='1742' arrival='28' remaining='35' budget='40873'/>
			<job value='8' ncpu='5' mem='1211' arrival='32' remaining='45' budget='50367'/>
			<job value='8' ncpu='10' mem='975' arrival='35' remaining='50' budget='44284'/>
			<job value='1' ncpu='3' mem='512' arrival='38' remaining='50' budget='83355'/>
			<job value='14' ncpu='4' mem='1290' arrival='39' remaining='30' budget='54939'/>
			<job value='5' ncpu='3' mem='1859' arrival='42' remaining='35' budget='44952'/>
			<job value='9' ncpu='6' mem='1331' arrival='48' remaining='40' budget='52901'/>
			<job value='5' ncpu='5' mem='549' arrival='50' remaining='50' budget='34134'/>
			<job value='11' ncpu='9' mem='1533' arrival='52' remaining='30' budget='44793'/>
			<job value='11' ncpu='9' mem='587' arrival='62' remaining='30' budget='72849'/>
			<job value='6' ncpu='7' mem='1012' arrival='63' remaining='45' budget='10408'/>
			<job value='8' ncpu='3' mem='827' arrival='70' remaining='30' budget='78222'/>
			<job value='6' ncpu='9' mem='1998' arrival='77' remaining='30' budget='19244'/>
			<job value='14' ncpu='6' mem='1616' arrival='83' remaining='50' budget='56733'/>
			<job value='2' ncpu='7' mem='881' arrival='90' remaining='50' budget='83479'/>
			<job value='14' ncpu='7' mem='996' arrival='93' remaining='50' budget='65521'/>
			<job value='9' ncpu='8' mem='1601' arrival='103' remaining='50' budget='69831'/>
			<job value='14' ncpu='7' mem='688' arrival='109' remaining='30' budget='80301'/>
			<job value='12' ncpu='8' mem='1485' arrival='118' remaining='40' budget='21509'/>
			<job value='2' ncpu='8' mem='1593' arrival='123' remaining='30' budget='49383'/>
			<job value='8' ncpu='6' mem='1404' arrival='125' remaining='30' budget='45436'/>
			<job value='3' ncpu='1' mem='1767' arrival='126' remaining='35' budget='17410'/>
			<job value='7' ncpu='1' mem='1603' arrival='128' remaining='35' budget='13704'/>
			<job value='10' ncpu='6' mem='993' arrival='136' remaining='40' budget='52777'/>
			<job value='4' ncpu='4' mem='1604' arrival='138' remaining='50' budget='51364'/>
			<job value='9' ncpu='3' mem='816' arrival='141' remaining='50' budget='35669'/>
		</client>
		<client agent='AVOID_MIGRATION' name='c7'>
			<job value='4' ncpu='3' mem='1175' arrival='11' remaining='50' budget='56271'/>
			<job value='11' ncpu='8' mem='773' arrival='12' remaining='50' budget='69817'/>
			<job value='9' ncpu='10' mem='722' arrival='15' remaining='30' budget='23954'/>
			<job value='13' ncpu='10' mem='798' arrival='16' remaining='45' budget='86926'/>
			<job value='7' ncpu='6' mem='760' arrival='20' remaining='45' budget='23031'/>
			<job value='10' ncpu='5' mem='1626' arrival='25' remaining='40' budget='32778'/>
			<job value='7' ncpu='5' mem='1272' arrival='26' remaining='50' budget='62396'/>
			<job value='3' ncpu='6' mem='1372' arrival='28' remaining='30' budget='72136'/>
			<job value='8' ncpu='6' mem='562' arrival='34' remaining='45' budget='15298'/>
			<job value='4' ncpu='2' mem='767' arrival='43' remaining='35' budget='62925'/>
			<job value='2' ncpu='8' mem='1188' arrival='44' remaining='45' budget='63774'/>
			<job value='5' ncpu='4' mem='522' arrival='47' remaining='50' budget='34116'/>
			<job value='3' ncpu='8' mem='1736' arrival='51' remaining='40' budget='88242'/>
			<job value='0' ncpu='8' mem='1632' arrival='57' remaining='45' budget='26252'/>
			<job value='4' ncpu='4' mem='1552' arrival='60' remaining='35' budget='58643'/>
			<job value='8' ncpu='3' mem='1714' arrival='66' remaining='30' budget='97523'/>
			<job value='5' ncpu='6' mem='1125' arrival='68' remaining='40' budget='89523'/>
			<job value='11' ncpu='2' mem='671' arrival='70' remaining='30' budget='33577'/>
			<job value='7' ncpu='3' mem='1023' arrival='73' remaining='35' budget='15912'/>
			<job value='14' ncpu='1' mem='1856' arrival='74' remaining='30' budget='82044'/>
			<job value='4' ncpu='7' mem='1299' arrival='83' remaining='45' budget='46646'/>
			<job value='0' ncpu='5' mem='822' arrival='93' remaining='30' budget='66361'/>
			<job value='15' ncpu='6' mem='544' arrival='103' remaining='50' budget='73509'/>
			<job value='7' ncpu='2' mem='1918' arrival='104' remaining='35' budget='39462'/>
			<job value='2' ncpu='5' mem='559' arrival='111' remaining='40' budget='25969'/>
			<job value='4' ncpu='1' mem='1687' arrival='118' remaining='40' budget='62331'/>
			<job value='7' ncpu='7' mem='742' arrival='121' remaining='35' budget='17229'/>
			<job value='6' ncpu='3' mem='798' arrival='128' remaining='50' budget='77859'/>
			<job value='13' ncpu='6' mem='1565' arrival='134' remaining='45' budget='62584'/>
			<job value='9' ncpu='9' mem='517' arrival='139' remaining='30' budget='85304'/>
		</client>
		<client agent='AVOID_MIGRATION' name='c8'>
			<job value='11' ncpu='6' mem='1537' arrival='9' remaining='50' budget='13519'/>
			<job value='5' ncpu='7' mem='1558' arrival='16' remaining='50' budget='89321'/>
			<job value='7' ncpu='9' mem='1528' arrival='19' remaining='40' budget='64979'/>
			<job value='11' ncpu='1' mem='1150' arrival='21' remaining='50' budget='41565'/>
			<job value='9' ncpu='7' mem='1614' arrival='25' remaining='45' budget='99739'/>
			<job value='15' ncpu='6' mem='1461' arrival='26' remaining='35' budget='85900'/>
			<job value='8' ncpu='2' mem='1013' arrival='36' remaining='45' budget='97266'/>
			<job value='2' ncpu='9' mem='1175' arrival='46' remaining='40' budget='87966'/>
			<job value='1' ncpu='2' mem='795' arrival='47' remaining='35' budget='70100'/>
			<job value='10' ncpu='6' mem='635' arrival='55' remaining='35' budget='39232'/>
			<job value='11' ncpu='4' mem='1937' arrival='57' remaining='45' budget='47907'/>
			<job value='4' ncpu='2' mem='1118' arrival='59' remaining='30' budget='61938'/>
			<job value='12' ncpu='2' mem='1443' arrival='64' remaining='40' budget='94141'/>
			<job value='9' ncpu='10' mem='2014' arrival='74' remaining='35' budget='89279'/>
			<job value='10' ncpu='7' mem='1490' arrival='76' remaining='30' budget='80821'/>
			<job value='6' ncpu='10' mem='672' arrival='81' remaining='50' budget='28855'/>
			<job value='10' ncpu='4' mem='521' arrival='90' remaining='45' budget='20642'/>
			<job value='4' ncpu='10' mem='1870' arrival='99' remaining='35' budget='96307'/>
			<job value='3' ncpu='5' mem='1717' arrival='109' remaining='35' budget='86082'/>
			<job value='11' ncpu='9' mem='638' arrival='115' remaining='45' budget='11714'/>
			<job value='10' ncpu='2' mem='1646' arrival='123' remaining='40' budget='44351'/>
			<job value='8' ncpu='10' mem='1889' arrival='130' remaining='40' budget='88787'/>
			<job value='4' ncpu='1' mem='663' arrival='140' remaining='30' budget='11402'/>
			<job value='5' ncpu='9' mem='1734' arrival='147' remaining='35' budget='47955'/>
			<job value='7' ncpu='7' mem='1473' arrival='157' remaining='35' budget='45746'/>
			<job value='2' ncpu='1' mem='1401' arrival='158' remaining='35' budget='22553'/>
			<job value='6' ncpu='5' mem='1756' arrival='159' remaining='35' budget='80035'/>
			<job value='4' ncpu='10' mem='712' arrival='169' remaining='50' budget='73685'/>
			<job value='3' ncpu='6' mem='513' arrival='170' remaining='35' budget='26132'/>
			<job value='0' ncpu='7' mem='1718' arrival='178' remaining='40' budget='28004'/>
		</client>
		<client agent='AVOID_MIGRATION' name='c9'>
			<job value='3' ncpu='3' mem='1243' arrival='5' remaining='30' budget='53163'/>
			<job value='7' ncpu='1' mem='801' arrival='8' remaining='30' budget='66589'/>
			<job value='11' ncpu='1' mem='1283' arrival='17' remaining='35' budget='73774'/>
			<job value='12' ncpu='5' mem='1859' arrival='26' remaining='30' budget='34333'/>
			<job value='10' ncpu='4' mem='610' arrival='27' remaining='40' budget='22738'/>
			<job value='14' ncpu='3' mem='799' arrival='30' remaining='50' budget='74090'/>
			<job value='10' ncpu='7' mem='914' arrival='33' remaining='35' budget='23810'/>
			<job value='14' ncpu='8' mem='2043' arrival='38' remaining='30' budget='90074'/>
			<job value='10' ncpu='10' mem='842' arrival='44' remaining='50' budget='25992'/>
			<job value='2' ncpu='1' mem='958' arrival='48' remaining='45' budget='89095'/>
			<job value='6' ncpu='9' mem='977' arrival='58' remaining='50' budget='73889'/>
			<job value='3' ncpu='3' mem='1951' arrival='67' remaining='50' budget='92022'/>
			<job value='11' ncpu='9' mem='1432' arrival='68' remaining='30' budget='81861'/>
			<job value='3' ncpu='4' mem='1442' arrival='75' remaining='45' budget='45543'/>
			<job value='12' ncpu='4' mem='1766' arrival='82' remaining='30' budget='35416'/>
			<job value='8' ncpu='1' mem='1371' arrival='85' remaining='40' budget='30804'/>
			<job value='2' ncpu='2' mem='765' arrival='87' remaining='30' budget='24978'/>
			<job value='12' ncpu='7' mem='1689' arrival='97' remaining='35' budget='88344'/>
			<job value='5' ncpu='2' mem='1544' arrival='107' remaining='35' budget='86580'/>
			<job value='8' ncpu='10' mem='1238' arrival='117' remaining='45' budget='37423'/>
			<job value='3' ncpu='3' mem='1694' arrival='118' remaining='50' budget='83907'/>
			<job value='8' ncpu='1' mem='1160' arrival='119' remaining='50' budget='72067'/>
			<job value='12' ncpu='4' mem='1296' arrival='128' remaining='45' budget='98078'/>
			<job value='11' ncpu='8' mem='668' arrival='137' remaining='35' budget='61329'/>
			<job value='1' ncpu='4' mem='640' arrival='141' remaining='40' budget='89764'/>
			<job value='4' ncpu='5' mem='1374' arrival='149' remaining='30' budget='98455'/>
			<job value='9' ncpu='10' mem='815' arrival='150' remaining='30' budget='52335'/>
			<job value='0' ncpu='8' mem='954' arrival='151' remaining='45' budget='58940'/>
			<job value='0' ncpu='1' mem='1039' arrival='160' remaining='35' budget='61197'/>
			<job value='6' ncpu='5' mem='1498' arrival='167' remaining='40' budget='45958'/>
		</client>
		<client agent='AVOID_MIGRATION' name='c10'>
			<job value='1' ncpu='4' mem='1359' arrival='9' remaining='45' budget='62484'/>
			<job value='9' ncpu='4' mem='1273' arrival='12' remaining='45' budget='63602'/>
			<job value='0' ncpu='8' mem='783' arrival='15' remaining='45' budget='72828'/>
			<job value='0' ncpu='1' mem='1549' arrival='24' remaining='30' budget='84558'/>
			<job value='0' ncpu='3' mem='830' arrival='25' remaining='30' budget='54259'/>
			<job value='4' ncpu='7' mem='745' arrival='31' remaining='30' budget='62178'/>
			<job value='9' ncpu='8' mem='1322' arrival='39' remaining='40' budget='22999'/>
			<job value='0' ncpu='9' mem='1408' arrival='44' remaining='45' budget='18514'/>
			<job value='11' ncpu='5' mem='617' arrival='53' remaining='30' budget='63210'/>
			<job value='7' ncpu='6' mem='757' arrival='60' remaining='40' budget='20798'/>
			<job value='14' ncpu='6' mem='1887' arrival='64' remaining='40' budget='31245'/>
			<job value='3' ncpu='2' mem='1328' arrival='67' remaining='50' budget='88419'/>
			<job value='11' ncpu='2' mem='517' arrival='73' remaining='30' budget='87592'/>
			<job value='4' ncpu='3' mem='593' arrival='80' remaining='30' budget='59556'/>
			<job value='3' ncpu='1' mem='1569' arrival='87' remaining='40' budget='38462'/>
			<job value='7' ncpu='8' mem='1157' arrival='90' remaining='50' budget='61415'/>
			<job value='2' ncpu='9' mem='1903' arrival='92' remaining='50' budget='86415'/>
			<job value='0' ncpu='10' mem='1577' arrival='94' remaining='50' budget='72969'/>
			<job value='15' ncpu='9' mem='536' arrival='102' remaining='30' budget='35592'/>
			<job value='3' ncpu='2' mem='1011' arrival='107' remaining='35' budget='54592'/>
			<job value='9' ncpu='10' mem='1643' arrival='112' remaining='45' budget='85928'/>
			<job value='15' ncpu='4' mem='1795' arrival='113' remaining='45' budget='23615'/>
			<job value='1' ncpu='1' mem='1114' arrival='123' remaining='35' budget='86149'/>
			<job value='11' ncpu='2' mem='1730' arrival='124' remaining='30' budget='64945'/>
			<job value='15' ncpu='5' mem='944' arrival='130' remaining='45' budget='54945'/>
			<job value='7' ncpu='5' mem='1797' arrival='133' remaining='30' budget='71172'/>
			<job value='10' ncpu='3' mem='658' arrival='136' remaining='30' budget='39468'/>
			<job value='0' ncpu='6' mem='1052' arrival='138' remaining='45' budget='85404'/>
			<job value='15' ncpu='8' mem='1849' arrival='147' remaining='40' budget='96399'/>
			<job value='0' ncpu='9' mem='1644' arrival='150' remaining='50' budget='62172'/>
		</client>
		<client agent='AVOID_MIGRATION' name='c11'>
			<job value='12' ncpu='6' mem='565' arrival='11' remaining='50' budget='19138'/>
			<job value='8' ncpu='6' mem='1472' arrival='15' remaining='30' budget='81769'/>
			<job value='6' ncpu='6' mem='2041' arrival='16' remaining='45' budget='23077'/>
			<job value='7' ncpu='3' mem='1895' arrival='18' remaining='30' budget='99002'/>
			<job value='5' ncpu='5' mem='1096' arrival='28' remaining='30' budget='54384'/>
			<job value='12' ncpu='7' mem='1978' arrival='31' remaining='30' budget='69300'/>
			<job value='3' ncpu='5' mem='1467' arrival='41' remaining='40' budget='67024'/>
			<job value='2' ncpu='1' mem='724' arrival='44' remaining='50' budget='21214'/>
			<job value='0' ncpu='6' mem='1880' arrival='53' remaining='30' budget='20891'/>
			<job value='0' ncpu='5' mem='676' arrival='60' remaining='40' budget='27028'/>
			<job value='1' ncpu='1' mem='1725' arrival='62' remaining='40' budget='95934'/>
			<job value='13' ncpu='1' mem='622' arrival='70' remaining='50' budget='65672'/>
			<job value='9' ncpu='8' mem='991' arrival='79' remaining='50' budget='10824'/>
			<job value='3' ncpu='6' mem='1335' arrival='87' remaining='30' budget='47220'/>
			<job value='3' ncpu='2' mem='1114' arrival='92' remaining='30' budget='93456'/>
			<job value='1' ncpu='3' mem='969' arrival='95' remaining='35' budget='81576'/>
			<job value='7' ncpu='9' mem='1926' arrival='99' remaining='50' budget='57079'/>
			<job value='12' ncpu='3' mem='1998' arrival='105' remaining='50' budget='61623'/>
			<job value='11' ncpu='10' mem='1047' arrival='109' remaining='50' budget='28772'/>
			<job value='12' ncpu='7' mem='1008' arrival='111' remaining='45' budget='42193'/>
			<job value='8' ncpu='10' mem='1577' arrival='116' remaining='50' budget='13705'/>
			<job value='6' ncpu='2' mem='1053' arrival='124' remaining='30' budget='86742'/>
			<job value='1' ncpu='8' mem='1417' arrival='127' remaining='40' budget='54073'/>
			<job value='2' ncpu='4' mem='1506' arrival='134' remaining='50' budget='86536'/>
			<job value='10' ncpu='9' mem='1857' arrival='140' remaining='45' budget='42976'/>
			<job value='15' ncpu='10' mem='705' arrival='146' remaining='45' budget='75739'/>
			<job value='15' ncpu='9' mem='825' arrival='149' remaining='30' budget='35563'/>
			<job value='13' ncpu='6' mem='2022' arrival='156' remaining='40' budget='15946'/>
			<job value='8' ncpu='10' mem='846' arrival='165' remaining='50' budget='40573'/>
			<job value='1' ncpu='9' mem='1879' arrival='166' remaining='45' budget='37295'/>
		</client>
		<client agent='AVOID_MIGRATION' name='c12'>
			<job value='13' ncpu='8' mem='1879' arrival='4' remaining='50' budget='72921'/>
			<job value='4' ncpu='10' mem='1402' arrival='5' remaining='30' budget='59766'/>
			<job value='9' ncpu='7' mem='758' arrival='9' remaining='40' budget='54553'/>
			<job value='12' ncpu='3' mem='560' arrival='16' remaining='35' budget='21398'/>
			<job value='5' ncpu='4' mem='1968' arrival='24' remaining='45' budget='32643'/>
			<job value='5' ncpu='10' mem='1404' arrival='32' remaining='35' budget='49427'/>
			<job value='14' ncpu='1' mem='605' arrival='39' remaining='40' budget='28645'/>
			<job value='14' ncpu='3' mem='1749' arrival='41' remaining='50' budget='96067'/>
			<job value='4' ncpu='4' mem='1982' arrival='46' remaining='30' budget='38057'/>
			<job value='12' ncpu='8' mem='1319' arrival='52' remaining='35' budget='22981'/>
			<job value='15' ncpu='10' mem='539' arrival='53' remaining='40' budget='24854'/>
			<job value='2' ncpu='8' mem='806' arrival='59' remaining='30' budget='65751'/>
			<job value='6' ncpu='10' mem='833' arrival='67' remaining='50' budget='35164'/>
			<job value='3' ncpu='9' mem='560' arrival='70' remaining='50' budget='22823'/>
			<job value='0' ncpu='7' mem='1129' arrival='80' remaining='40' budget='88754'/>
			<job value='9' ncpu='7' mem='1106' arrival='88' remaining='30' budget='48673'/>
			<job value='13' ncpu='3' mem='1291' arrival='98' remaining='50' budget='51330'/>
			<job value='3' ncpu='2' mem='781' arrival='101' remaining='40' budget='92016'/>
			<job value='1' ncpu='5' mem='1934' arrival='102' remaining='30' budget='91907'/>
			<job value='7' ncpu='3' mem='1278' arrival='112' remaining='50' budget='92150'/>
			<job value='12' ncpu='1' mem='1233' arrival='115' remaining='45' budget='43412'/>
			<job value='1' ncpu='6' mem='620' arrival='116' remaining='40' budget='22277'/>
			<job value='7' ncpu='8' mem='2042' arrival='119' remaining='50' budget='59810'/>
			<job value='5' ncpu='2' mem='1079' arrival='120' remaining='50' budget='94384'/>
			<job value='7' ncpu='9' mem='1179' arrival='121' remaining='35' budget='74273'/>
			<job value='6' ncpu='9' mem='1470' arrival='131' remaining='35' budget='87343'/>
			<job value='7' ncpu='1' mem='1161' arrival='133' remaining='45' budget='62554'/>
			<job value='8' ncpu='4' mem='956' arrival='138' remaining='35' budget='88792'/>
			<job value='5' ncpu='8' mem='2042' arrival='145' remaining='30' budget='37606'/>
			<job value='12' ncpu='8' mem='1260' arrival='154' remaining='40' budget='61665'/>
		</client>
		<client agent='AVOID_MIGRATION' name='c13'>
			<job value='11' ncpu='8' mem='1291' arrival='6' remaining='45' budget='63067'/>
			<job value='6' ncpu='9' mem='1800' arrival='10' remaining='50' budget='95850'/>
			<job value='15' ncpu='10' mem='1723' arrival='15' remaining='35' budget='80369'/>
			<job value='14' ncpu='7' mem='1668' arrival='18' remaining='50' budget='49711'/>
			<job value='2' ncpu='10' mem='738' arrival='20' remaining='50' budget='23204'/>
			<job value='11' ncpu='3' mem='919' arrival='23' remaining='30' budget='72188'/>
			<job value='7' ncpu='3' mem='609' arrival='28' remaining='35' budget='84366'/>
			<job value='11' ncpu='8' mem='1082' arrival='33' remaining='35' budget='42586'/>
			<job value='9' ncpu='6' mem='1943' arrival='43' remaining='45' budget='39623'/>
			<job value='6' ncpu='6' mem='1485' arrival='50' remaining='35' budget='69032'/>
			<job value='5' ncpu='10' mem='1646' arrival='53' remaining='30' budget='89294'/>
			<job value='4' ncpu='6' mem='1941' arrival='60' remaining='40' budget='67472'/>
			<job value='12' ncpu='2' mem='1269' arrival='64' remaining='40' budget='77286'/>
			<job value='12' ncpu='10' mem='731' arrival='71' remaining='50' budget='13047'/>
			<job value='13' ncpu='5' mem='1677' arrival='77' remaining='30' budget='99670'/>
			<job value='4' ncpu='9' mem='997' arrival='81' remaining='35' budget='47381'/>
			<job value='13' ncpu='7' mem='1202' arrival='86' remaining='45' budget='51804'/>
			<job value='15' ncpu='5' mem='1591' arrival='92' remaining='50' budget='75969'/>
			<job value='5' ncpu='10' mem='1955' arrival='100' remaining='30' budget='12917'/>
			<job value='14' ncpu='5' mem='1596' arrival='104' remaining='30' budget='73761'/>
			<job value='2' ncpu='7' mem='1954' arrival='111' remaining='50' budget='89566'/>
			<job value='12' ncpu='7' mem='817' arrival='117' remaining='35' budget='74621'/>
			<job value='14' ncpu='6' mem='1432' arrival='122' remaining='45' budget='10092'/>
			<job value='4' ncpu='2' mem='1699' arrival='127' remaining='50' budget='50611'/>
			<job value='13' ncpu='4' mem='1671' arrival='128' remaining='35' budget='28210'/>
			<job value='3' ncpu='7' mem='937' arrival='136' remaining='45' budget='51624'/>
			<job value='14' ncpu='7' mem='1306' arrival='140' remaining='35' budget='24741'/>
			<job value='9' ncpu='2' mem='1625' arrival='141' remaining='40' budget='53956'/>
			<job value='12' ncpu='2' mem='1987' arrival='145' remaining='50' budget='42773'/>
			<job value='15' ncpu='8' mem='1250' arrival='147' remaining='40' budget='57159'/>
		</client>
		<client agent='AVOID_MIGRATION' name='c14'>
			<job value='14' ncpu='1' mem='829' arrival='8' remaining='40' budget='97905'/>
			<job value='4' ncpu='1' mem='1902' arrival='14' remaining='30' budget='19805'/>
			<job value='13' ncpu='7' mem='1182' arrival='16' remaining='40' budget='69569'/>
			<job value='9' ncpu='2' mem='2015' arrival='22' remaining='35' budget='11434'/>
			<job value='11' ncpu='10' mem='1166' arrival='25' remaining='35' budget='64662'/>
			<job value='11' ncpu='2' mem='967' arrival='32' remaining='40' budget='16975'/>
			<job value='7' ncpu='1' mem='1949' arrival='39' remaining='40' budget='55234'/>
			<job value='12' ncpu='2' mem='1732' arrival='46' remaining='45' budget='79229'/>
			<job value='9' ncpu='7' mem='895' arrival='50' remaining='30' budget='17640'/>
			<job value='0' ncpu='8' mem='891' arrival='58' remaining='40' budget='48420'/>
			<job value='6' ncpu='3' mem='925' arrival='67' remaining='45' budget='61045'/>
			<job value='0' ncpu='6' mem='1317' arrival='69' remaining='50' budget='24103'/>
			<job value='7' ncpu='9' mem='621' arrival='78' remaining='30' budget='18795'/>
			<job value='5' ncpu='5' mem='651' arrival='84' remaining='35' budget='37272'/>
			<job value='11' ncpu='8' mem='1663' arrival='94' remaining='50' budget='77122'/>
			<job value='15' ncpu='8' mem='1441' arrival='103' remaining='40' budget='45373'/>
			<job value='12' ncpu='2' mem='742' arrival='108' remaining='40' budget='30859'/>
			<job value='9' ncpu='1' mem='519' arrival='110' remaining='50' budget='98485'/>
			<job value='10' ncpu='9' mem='1179' arrival='120' remaining='50' budget='10980'/>
			<job value='14' ncpu='4' mem='1531' arrival='130' remaining='30' budget='95441'/>
			<job value='2' ncpu='7' mem='1895' arrival='136' remaining='35' budget='28685'/>
			<job value='5' ncpu='6' mem='733' arrival='137' remaining='30' budget='85051'/>
			<job value='3' ncpu='10' mem='1609' arrival='145' remaining='45' budget='28689'/>
			<job value='2' ncpu='2' mem='1892' arrival='150' remaining='45' budget='69128'/>
			<job value='7' ncpu='2' mem='1728' arrival='155' remaining='50' budget='20070'/>
			<job value='8' ncpu='7' mem='1631' arrival='163' remaining='50' budget='20908'/>
			<job value='12' ncpu='8' mem='911' arrival='169' remaining='45' budget='52430'/>
			<job value='9' ncpu='10' mem='1970' arrival='173' remaining='35' budget='85548'/>
			<job value='7' ncpu='9' mem='1171' arrival='181' remaining='50' budget='47637'/>
			<job value='14' ncpu='2' mem='983' arrival='190' remaining='35' budget='52221'/>
		</client>
	</clients>
</sim>

