<sim quantum='5' delta='5' noise='10' migration='1' bid_window='15'>
	<providers>
		<provider state='on' market_status='free' agent='NO_INC' name='p0'>
			<resource ncpu='13' mem='3011'/>
			<resource ncpu='16' mem='2979'/>
			<resource ncpu='15' mem='3772'/>
		</provider>
		<provider state='on' market_status='free' agent='NO_INC' name='p1'>
			<resource ncpu='14' mem='2641'/>
			<resource ncpu='15' mem='3703'/>
			<resource ncpu='13' mem='3508'/>
		</provider>
		<provider state='on' market_status='free' agent='NO_INC' name='p2'>
			<resource ncpu='17' mem='3765'/>
			<resource ncpu='14' mem='3083'/>
			<resource ncpu='11' mem='3089'/>
		</provider>
		<provider state='on' market_status='free' agent='NO_INC' name='p3'>
			<resource ncpu='20' mem='3876'/>
			<resource ncpu='14' mem='3788'/>
			<resource ncpu='17' mem='2873'/>
		</provider>
		<provider state='on' market_status='free' agent='NO_INC' name='p4'>
			<resource ncpu='19' mem='2796'/>
			<resource ncpu='14' mem='3814'/>
			<resource ncpu='15' mem='3124'/>
		</provider>
		<provider state='on' market_status='free' agent='NO_INC' name='p5'>
			<resource ncpu='15' mem='3930'/>
			<resource ncpu='15' mem='3879'/>
			<resource ncpu='19' mem='3546'/>
		</provider>
		<provider state='on' market_status='free' agent='NO_INC' name='p6'>
			<resource ncpu='15' mem='3993'/>
			<resource ncpu='17' mem='2767'/>
			<resource ncpu='15' mem='3668'/>
		</provider>
		<provider state='on' market_status='free' agent='NO_INC' name='p7'>
			<resource ncpu='19' mem='2814'/>
			<resource ncpu='14' mem='3019'/>
			<resource ncpu='11' mem='3386'/>
		</provider>
		<provider state='on' market_status='free' agent='NO_INC' name='p8'>
			<resource ncpu='19' mem='3864'/>
			<resource ncpu='14' mem='2730'/>
			<resource ncpu='16' mem='3063'/>
		</provider>
		<provider state='on' market_status='free' agent='NO_INC' name='p9'>
			<resource ncpu='13' mem='2912'/>
			<resource ncpu='19' mem='3691'/>
			<resource ncpu='11' mem='3710'/>
		</provider>
	</providers>

	<clients>
		<client agent='AVOID_MIGRATION' name='c0'>
			<job value='23' ncpu='5' mem='1533' arrival='10' remaining='35' budget='41721'/>
			<job value='37' ncpu='1' mem='737' arrival='11' remaining='30' budget='17014'/>
			<job value='12' ncpu='8' mem='920' arrival='14' remaining='30' budget='39860'/>
			<job value='34' ncpu='4' mem='732' arrival='21' remaining='30' budget='77068'/>
			<job value='12' ncpu='8' mem='1420' arrival='22' remaining='35' budget='47157'/>
			<job value='28' ncpu='9' mem='1741' arrival='31' remaining='35' budget='41447'/>
			<job value='28' ncpu='10' mem='1394' arrival='39' remaining='35' budget='77712'/>
			<job value='3' ncpu='3' mem='578' arrival='40' remaining='35' budget='83826'/>
			<job value='1' ncpu='4' mem='954' arrival='43' remaining='35' budget='57535'/>
			<job value='5' ncpu='6' mem='1384' arrival='47' remaining='35' budget='27471'/>
			<job value='10' ncpu='6' mem='1371' arrival='53' remaining='30' budget='83541'/>
			<job value='37' ncpu='10' mem='720' arrival='55' remaining='30' budget='77283'/>
			<job value='13' ncpu='7' mem='1676' arrival='65' remaining='30' budget='81430'/>
			<job value='8' ncpu='9' mem='2037' arrival='75' remaining='35' budget='17503'/>
			<job value='16' ncpu='1' mem='582' arrival='85' remaining='35' budget='25922'/>
			<job value='45' ncpu='6' mem='1632' arrival='90' remaining='30' budget='27637'/>
			<job value='40' ncpu='8' mem='1297' arrival='98' remaining='35' budget='28386'/>
			<job value='32' ncpu='2' mem='533' arrival='105' remaining='30' budget='55026'/>
			<job value='14' ncpu='3' mem='1016' arrival='109' remaining='30' budget='14348'/>
			<job value='3' ncpu='8' mem='1971' arrival='111' remaining='35' budget='57175'/>
			<job value='32' ncpu='6' mem='1356' arrival='112' remaining='35' budget='25095'/>
			<job value='25' ncpu='5' mem='1554' arrival='120' remaining='35' budget='55896'/>
			<job value='33' ncpu='8' mem='1965' arrival='124' remaining='35' budget='19349'/>
			<job value='17' ncpu='4' mem='871' arrival='125' remaining='30' budget='22648'/>
			<job value='13' ncpu='6' mem='1453' arrival='135' remaining='35' budget='74884'/>
			<job value='5' ncpu='8' mem='1142' arrival='144' remaining='35' budget='73628'/>
			<job value='10' ncpu='6' mem='1903' arrival='145' remaining='30' budget='81245'/>
			<job value='20' ncpu='4' mem='561' arrival='146' remaining='30' budget='52847'/>
			<job value='24' ncpu='9' mem='1020' arrival='147' remaining='35' budget='35306'/>
			<job value='36' ncpu='7' mem='1974' arrival='148' remaining='35' budget='40091'/>
		</client>
		<client agent='AVOID_MIGRATION' name='c1'>
			<job value='43' ncpu='1' mem='1776' arrival='9' remaining='35' budget='76438'/>
			<job value='14' ncpu='5' mem='535' arrival='11' remaining='30' budget='30730'/>
			<job value='8' ncpu='3' mem='1637' arrival='18' remaining='30' budget='40665'/>
			<job value='30' ncpu='2' mem='1401' arrival='24' remaining='30' budget='79037'/>
			<job value='8' ncpu='6' mem='718' arrival='27' remaining='35' budget='63363'/>
			<job value='2' ncpu='8' mem='853' arrival='34' remaining='30' budget='33008'/>
			<job value='8' ncpu='9' mem='908' arrival='35' remaining='35' budget='27920'/>
			<job value='18' ncpu='1' mem='1219' arrival='39' remaining='35' budget='13077'/>
			<job value='36' ncpu='2' mem='1029' arrival='42' remaining='35' budget='71969'/>
			<job value='7' ncpu='9' mem='1136' arrival='46' remaining='35' budget='74635'/>
			<job value='22' ncpu='5' mem='757' arrival='56' remaining='35' budget='80922'/>
			<job value='11' ncpu='6' mem='2011' arrival='64' remaining='30' budget='61805'/>
			<job value='13' ncpu='8' mem='1807' arrival='74' remaining='35' budget='70001'/>
			<job value='27' ncpu='7' mem='1122' arrival='82' remaining='30' budget='68246'/>
			<job value='35' ncpu='10' mem='1089' arrival='87' remaining='30' budget='35040'/>
			<job value='31' ncpu='1' mem='1410' arrival='95' remaining='35' budget='33106'/>
			<job value='27' ncpu='6' mem='1040' arrival='98' remaining='35' budget='37466'/>
			<job value='11' ncpu='7' mem='753' arrival='106' remaining='30' budget='66406'/>
			<job value='43' ncpu='5' mem='1990' arrival='111' remaining='35' budget='36331'/>
			<job value='15' ncpu='5' mem='1283' arrival='121' remaining='35' budget='79792'/>
			<job value='2' ncpu='4' mem='1389' arrival='129' remaining='30' budget='90271'/>
			<job value='25' ncpu='3' mem='1031' arrival='130' remaining='30' budget='76022'/>
			<job value='30' ncpu='2' mem='2021' arrival='131' remaining='30' budget='11935'/>
			<job value='40' ncpu='2' mem='1321' arrival='138' remaining='35' budget='92765'/>
			<job value='4' ncpu='10' mem='1373' arrival='146' remaining='30' budget='40912'/>
			<job value='19' ncpu='5' mem='1467' arrival='150' remaining='35' budget='68650'/>
			<job value='39' ncpu='8' mem='1838' arrival='151' remaining='30' budget='29185'/>
			<job value='10' ncpu='7' mem='1298' arrival='152' remaining='35' budget='24384'/>
			<job value='38' ncpu='7' mem='1078' arrival='160' remaining='30' budget='49274'/>
			<job value='2' ncpu='7' mem='1351' arrival='161' remaining='35' budget='42763'/>
		</client>
		<client agent='AVOID_MIGRATION' name='c2'>
			<job value='34' ncpu='6' mem='699' arrival='11' remaining='30' budget='64969'/>
			<job value='4' ncpu='9' mem='1154' arrival='16' remaining='30' budget='29351'/>
			<job value='42' ncpu='8' mem='794' arrival='24' remaining='35' budget='42708'/>
			<job value='43' ncpu='9' mem='582' arrival='26' remaining='30' budget='94274'/>
			<job value='20' ncpu='2' mem='797' arrival='35' remaining='35' budget='29016'/>
			<job value='3' ncpu='5' mem='1030' arrival='36' remaining='30' budget='81868'/>
			<job value='15' ncpu='1' mem='795' arrival='37' remaining='35' budget='81459'/>
			<job value='32' ncpu='2' mem='862' arrival='42' remaining='35' budget='47423'/>
			<job value='19' ncpu='10' mem='1976' arrival='48' remaining='30' budget='33616'/>
			<job value='44' ncpu='1' mem='1165' arrival='50' remaining='35' budget='80874'/>
			<job value='23' ncpu='8' mem='1891' arrival='54' remaining='35' budget='54314'/>
			<job value='43' ncpu='2' mem='1764' arrival='60' remaining='35' budget='61770'/>
			<job value='37' ncpu='6' mem='1918' arrival='61' remaining='30' budget='51389'/>
			<job value='30' ncpu='4' mem='1016' arrival='68' remaining='35' budget='51998'/>
			<job value='2' ncpu='8' mem='1644' arrival='71' remaining='30' budget='97489'/>
			<job value='8' ncpu='3' mem='1834' arrival='75' remaining='35' budget='93128'/>
			<job value='30' ncpu='8' mem='908' arrival='77' remaining='30' budget='42131'/>
			<job value='34' ncpu='9' mem='1680' arrival='79' remaining='30' budget='92011'/>
			<job value='29' ncpu='1' mem='1869' arrival='89' remaining='30' budget='42958'/>
			<job value='27' ncpu='7' mem='1311' arrival='93' remaining='30' budget='99344'/>
			<job value='37' ncpu='9' mem='762' arrival='96' remaining='35' budget='22244'/>
			<job value='31' ncpu='2' mem='719' arrival='98' remaining='30' budget='43712'/>
			<job value='40' ncpu='1' mem='533' arrival='106' remaining='30' budget='95512'/>
			<job value='21' ncpu='10' mem='1230' arrival='109' remaining='35' budget='71597'/>
			<job value='39' ncpu='9' mem='837' arrival='115' remaining='35' budget='73791'/>
			<job value='24' ncpu='7' mem='1154' arrival='122' remaining='30' budget='59365'/>
			<job value='16' ncpu='3' mem='1596' arrival='125' remaining='30' budget='86029'/>
			<job value='1' ncpu='1' mem='1570' arrival='126' remaining='30' budget='94685'/>
			<job value='1' ncpu='4' mem='617' arrival='132' remaining='30' budget='45615'/>
			<job value='45' ncpu='7' mem='1111' arrival='142' remaining='30' budget='60952'/>
		</client>
		<client agent='AVOID_MIGRATION' name='c3'>
			<job value='10' ncpu='3' mem='1698' arrival='2' remaining='35' budget='40396'/>
			<job value='37' ncpu='5' mem='1466' arrival='6' remaining='35' budget='77367'/>
			<job value='10' ncpu='10' mem='1885' arrival='13' remaining='35' budget='68109'/>
			<job value='44' ncpu='2' mem='771' arrival='20' remaining='35' budget='38029'/>
			<job value='10' ncpu='8' mem='951' arrival='26' remaining='35' budget='62548'/>
			<job value='37' ncpu='1' mem='1396' arrival='34' remaining='35' budget='34728'/>
			<job value='19' ncpu='10' mem='1050' arrival='44' remaining='30' budget='85623'/>
			<job value='40' ncpu='7' mem='747' arrival='51' remaining='35' budget='13689'/>
			<job value='15' ncpu='4' mem='1741' arrival='52' remaining='35' budget='28058'/>
			<job value='18' ncpu='9' mem='1612' arrival='62' remaining='35' budget='45125'/>
			<job value='18' ncpu='7' mem='1766' arrival='70' remaining='35' budget='67534'/>
			<job value='35' ncpu='9' mem='619' arrival='74' remaining='35' budget='80321'/>
			<job value='30' ncpu='7' mem='738' arrival='80' remaining='30' budget='12783'/>
			<job value='7' ncpu='6' mem='1695' arrival='90' remaining='30' budget='93153'/>
			<job value='16' ncpu='8' mem='2046' arrival='95' remaining='35' budget='45634'/>
			<job value='36' ncpu='7' mem='991' arrival='98' remaining='35' budget='66638'/>
			<job value='3' ncpu='4' mem='1681' arrival='104' remaining='35' budget='36140'/>
			<job value='27' ncpu='8' mem='1043' arrival='107' remaining='30' budget='21817'/>
			<job value='42' ncpu='7' mem='1346' arrival='115' remaining='30' budget='14621'/>
			<job value='26' ncpu='7' mem='1028' arrival='121' remaining='35' budget='53500'/>
			<job value='1' ncpu='1' mem='667' arrival='131' remaining='35' budget='62777'/>
			<job value='21' ncpu='4' mem='2018' arrival='137' remaining='30' budget='15133'/>
			<job value='32' ncpu='2' mem='1327' arrival='144' remaining='35' budget='27253'/>
			<job value='23' ncpu='6' mem='1077' arrival='146' remaining='35' budget='66627'/>
			<job value='37' ncpu='3' mem='768' arrival='150' remaining='30' budget='74204'/>
			<job value='3' ncpu='1' mem='674' arrival='157' remaining='30' budget='28648'/>
			<job value='10' ncpu='7' mem='668' arrival='161' remaining='30' budget='60385'/>
			<job value='2' ncpu='5' mem='570' arrival='165' remaining='30' budget='79762'/>
			<job value='15' ncpu='5' mem='1386' arrival='170' remaining='30' budget='83905'/>
			<job value='13' ncpu='4' mem='697' arrival='177' remaining='35' budget='11440'/>
		</client>
		<client agent='AVOID_MIGRATION' name='c4'>
			<job value='12' ncpu='5' mem='1530' arrival='5' remaining='30' budget='70684'/>
			<job value='17' ncpu='7' mem='985' arrival='14' remaining='30' budget='38575'/>
			<job value='42' ncpu='7' mem='672' arrival='19' remaining='30' budget='68091'/>
			<job value='21' ncpu='3' mem='1002' arrival='27' remaining='35' budget='77077'/>
			<job value='8' ncpu='5' mem='928' arrival='31' remaining='30' budget='11148'/>
			<job value='18' ncpu='2' mem='1865' arrival='40' remaining='35' budget='97213'/>
			<job value='18' ncpu='6' mem='722' arrival='49' remaining='30' budget='30806'/>
			<job value='38' ncpu='6' mem='580' arrival='59' remaining='35' budget='26323'/>
			<job value='14' ncpu='2' mem='615' arrival='68' remaining='35' budget='39044'/>
			<job value='22' ncpu='4' mem='1806' arrival='70' remaining='35' budget='96505'/>
			<job value='36' ncpu='3' mem='1348' arrival='78' remaining='35' budget='46423'/>
			<job value='33' ncpu='1' mem='896' arrival='87' remaining='35' budget='93204'/>
			<job value='14' ncpu='5' mem='796' arrival='97' remaining='35' budget='89038'/>
			<job value='40' ncpu='2' mem='1455' arrival='100' remaining='30' budget='86155'/>
			<job value='22' ncpu='5' mem='1270' arrival='104' remaining='30' budget='63444'/>
			<job value='23' ncpu='3' mem='633' arrival='113' remaining='35' budget='85594'/>
			<job value='24' ncpu='9' mem='902' arrival='118' remaining='30' budget='51088'/>
			<job value='31' ncpu='5' mem='1705' arrival='126' remaining='35' budget='87718'/>
			<job value='20' ncpu='4' mem='786' arrival='136' remaining='35' budget='36705'/>
			<job value='42' ncpu='10' mem='1834' arrival='139' remaining='35' budget='36983'/>
			<job value='4' ncpu='6' mem='1297' arrival='149' remaining='35' budget='53067'/>
			<job value='2' ncpu='1' mem='1650' arrival='152' remaining='30' budget='71728'/>
			<job value='30' ncpu='5' mem='840' arrival='154' remaining='30' budget='43306'/>
			<job value='37' ncpu='7' mem='1189' arrival='164' remaining='30' budget='90327'/>
			<job value='39' ncpu='3' mem='1426' arrival='167' remaining='30' budget='42520'/>
			<job value='36' ncpu='5' mem='872' arrival='173' remaining='30' budget='27576'/>
			<job value='43' ncpu='9' mem='1536' arrival='178' remaining='35' budget='67331'/>
			<job value='4' ncpu='9' mem='757' arrival='180' remaining='30' budget='41148'/>
			<job value='43' ncpu='7' mem='1863' arrival='183' remaining='35' budget='61417'/>
			<job value='5' ncpu='2' mem='1193' arrival='185' remaining='30' budget='14939'/>
		</client>
		<client agent='AVOID_MIGRATION' name='c5'>
			<job value='2' ncpu='4' mem='1505' arrival='4' remaining='35' budget='63218'/>
			<job value='14' ncpu='5' mem='781' arrival='5' remaining='30' budget='33340'/>
			<job value='32' ncpu='1' mem='1789' arrival='9' remaining='35' budget='66288'/>
			<job value='44' ncpu='7' mem='1154' arrival='10' remaining='30' budget='10962'/>
			<job value='16' ncpu='6' mem='1399' arrival='19' remaining='35' budget='81670'/>
			<job value='19' ncpu='1' mem='1727' arrival='22' remaining='35' budget='87072'/>
			<job value='18' ncpu='7' mem='1435' arrival='28' remaining='30' budget='27699'/>
			<job value='36' ncpu='9' mem='2009' arrival='36' remaining='30' budget='60599'/>
			<job value='1' ncpu='10' mem='655' arrival='42' remaining='35' budget='26589'/>
			<job value='33' ncpu='10' mem='1229' arrival='46' remaining='35' budget='39759'/>
			<job value='5' ncpu='10' mem='1444' arrival='55' remaining='30' budget='29295'/>
			<job value='39' ncpu='7' mem='1309' arrival='65' remaining='30' budget='94836'/>
			<job value='16' ncpu='6' mem='1923' arrival='66' remaining='30' budget='18942'/>
			<job value='8' ncpu='7' mem='1418' arrival='74' remaining='35' budget='41514'/>
			<job value='14' ncpu='3' mem='1033' arrival='76' remaining='35' budget='19730'/>
			<job value='6' ncpu='3' mem='1257' arrival='83' remaining='30' budget='77711'/>
			<job value='41' ncpu='6' mem='1206' arrival='84' remaining='35' budget='11590'/>
			<job value='8' ncpu='4' mem='1582' arrival='90' remaining='30' budget='31810'/>
			<job value='16' ncpu='10' mem='1480' arrival='98' remaining='30' budget='52884'/>
			<job value='40' ncpu='5' mem='1350' arrival='99' remaining='35' budget='98935'/>
			<job value='30' ncpu='9' mem='1667' arrival='100' remaining='35' budget='47810'/>
			<job value='35' ncpu='5' mem='1552' arrival='109' remaining='30' budget='51448'/>
			<job value='39' ncpu='10' mem='1467' arrival='119' remaining='35' budget='49910'/>
			<job value='25' ncpu='7' mem='871' arrival='129' remaining='35' budget='47340'/>
			<job value='44' ncpu='2' mem='1342' arrival='135' remaining='35' budget='56017'/>
			<job value='23' ncpu='6' mem='1777' arrival='144' remaining='30' budget='18303'/>
			<job value='3' ncpu='6' mem='1701' arrival='152' remaining='30' budget='54490'/>
			<job value='31' ncpu='2' mem='850' arrival='160' remaining='35' budget='44677'/>
			<job value='21' ncpu='5' mem='1718' arrival='168' remaining='35' budget='17235'/>
			<job value='28' ncpu='6' mem='1425' arrival='178' remaining='30' budget='67637'/>
		</client>
		<client agent='AVOID_MIGRATION' name='c6'>
			<job value='28' ncpu='5' mem='2002' arrival='7' remaining='35' budget='44372'/>
			<job value='43' ncpu='5' mem='1290' arrival='11' remaining='35' budget='83372'/>
			<job value='24' ncpu='5' mem='1396' arrival='18' remaining='30' budget='33956'/>
			<job value='27' ncpu='7' mem='1932' arrival='24' remaining='35' budget='94132'/>
			<job value='17' ncpu='6' mem='1613' arrival='33' remaining='35' budget='12911'/>
			<job value='33' ncpu='2' mem='1060' arrival='42' remaining='30' budget='50534'/>
			<job value='29' ncpu='1' mem='1555' arrival='51' remaining='35' budget='19042'/>
			<job value='18' ncpu='3' mem='1695' arrival='57' remaining='30' budget='93628'/>
			<job value='40' ncpu='7' mem='1254' arrival='62' remaining='30' budget='29203'/>
			<job value='43' ncpu='4' mem='1057' arrival='70' remaining='30' budget='88274'/>
			<job value='3' ncpu='8' mem='736' arrival='71' remaining='30' budget='71608'/>
			<job value='6' ncpu='2' mem='1931' arrival='75' remaining='30' budget='41163'/>
			<job value='2' ncpu='5' mem='1121' arrival='78' remaining='30' budget='22076'/>
			<job value='26' ncpu='4' mem='1355' arrival='79' remaining='35' budget='22748'/>
			<job value='38' ncpu='5' mem='1221' arrival='87' remaining='30' budget='63360'/>
			<job value='45' ncpu='7' mem='1121' arrival='93' remaining='35' budget='41439'/>
			<job value='16' ncpu='3' mem='1148' arrival='100' remaining='30' budget='89679'/>
			<job value='1' ncpu='3' mem='785' arrival='108' remaining='35' budget='14702'/>
			<job value='5' ncpu='4' mem='1013' arrival='118' remaining='35' budget='93479'/>
			<job value='15' ncpu='5' mem='653' arrival='121' remaining='35' budget='90104'/>
			<job value='13' ncpu='6' mem='1612' arrival='131' remaining='30' budget='77148'/>
			<job value='15' ncpu='9' mem='1217' arrival='132' remaining='30' budget='46555'/>
			<job value='26' ncpu='7' mem='1772' arrival='139' remaining='30' budget='59846'/>
			<job value='32' ncpu='10' mem='1342' arrival='141' remaining='35' budget='93298'/>
			<job value='12' ncpu='6' mem='1761' arrival='150' remaining='30' budget='88027'/>
			<job value='45' ncpu='9' mem='1015' arrival='154' remaining='35' budget='57216'/>
			<job value='44' ncpu='9' mem='751' arrival='159' remaining='35' budget='60201'/>
			<job value='35' ncpu='6' mem='1233' arrival='161' remaining='30' budget='40070'/>
			<job value='9' ncpu='6' mem='1213' arrival='169' remaining='30' budget='10238'/>
			<job value='5' ncpu='4' mem='1151' arrival='173' remaining='30' budget='31874'/>
		</client>
		<client agent='AVOID_MIGRATION' name='c7'>
			<job value='22' ncpu='5' mem='1162' arrival='6' remaining='30' budget='33996'/>
			<job value='27' ncpu='2' mem='1877' arrival='14' remaining='30' budget='52608'/>
			<job value='43' ncpu='10' mem='586' arrival='15' remaining='35' budget='73260'/>
			<job value='21' ncpu='6' mem='974' arrival='19' remaining='30' budget='30854'/>
			<job value='39' ncpu='7' mem='1992' arrival='27' remaining='30' budget='19094'/>
			<job value='28' ncpu='4' mem='1153' arrival='29' remaining='30' budget='20743'/>
			<job value='19' ncpu='6' mem='982' arrival='39' remaining='30' budget='18209'/>
			<job value='17' ncpu='8' mem='1011' arrival='40' remaining='35' budget='14521'/>
			<job value='4' ncpu='8' mem='1448' arrival='41' remaining='35' budget='62108'/>
			<job value='9' ncpu='7' mem='555' arrival='45' remaining='30' budget='14614'/>
			<job value='19' ncpu='7' mem='682' arrival='49' remaining='30' budget='14370'/>
			<job value='7' ncpu='6' mem='733' arrival='53' remaining='35' budget='51301'/>
			<job value='38' ncpu='7' mem='1291' arrival='59' remaining='30' budget='65226'/>
			<job value='38' ncpu='4' mem='752' arrival='69' remaining='35' budget='25821'/>
			<job value='30' ncpu='2' mem='965' arrival='71' remaining='30' budget='83280'/>
			<job value='38' ncpu='3' mem='1654' arrival='81' remaining='35' budget='74089'/>
			<job value='8' ncpu='4' mem='1141' arrival='83' remaining='35' budget='46030'/>
			<job value='4' ncpu='8' mem='1782' arrival='92' remaining='35' budget='23897'/>
			<job value='5' ncpu='1' mem='638' arrival='93' remaining='35' budget='94786'/>
			<job value='18' ncpu='4' mem='1446' arrival='103' remaining='30' budget='22134'/>
			<job value='13' ncpu='3' mem='1759' arrival='105' remaining='35' budget='97105'/>
			<job value='13' ncpu='10' mem='1006' arrival='113' remaining='30' budget='86086'/>
			<job value='34' ncpu='10' mem='1318' arrival='123' remaining='30' budget='56089'/>
			<job value='31' ncpu='3' mem='812' arrival='128' remaining='30' budget='47107'/>
			<job value='28' ncpu='2' mem='986' arrival='135' remaining='30' budget='16941'/>
			<job value='31' ncpu='9' mem='1019' arrival='141' remaining='30' budget='19294'/>
			<job value='22' ncpu='8' mem='1436' arrival='149' remaining='35' budget='50055'/>
			<job value='29' ncpu='1' mem='1868' arrival='152' remaining='35' budget='10027'/>
			<job value='5' ncpu='7' mem='658' arrival='155' remaining='30' budget='12570'/>
			<job value='29' ncpu='2' mem='1160' arrival='157' remaining='30' budget='83069'/>
		</client>
		<client agent='AVOID_MIGRATION' name='c8'>
			<job value='10' ncpu='7' mem='1856' arrival='8' remaining='30' budget='77459'/>
			<job value='1' ncpu='8' mem='1626' arrival='18' remaining='35' budget='25813'/>
			<job value='28' ncpu='6' mem='1657' arrival='27' remaining='30' budget='21680'/>
			<job value='39' ncpu='4' mem='2017' arrival='28' remaining='30' budget='55660'/>
			<job value='6' ncpu='9' mem='2021' arrival='29' remaining='30' budget='72154'/>
			<job value='37' ncpu='8' mem='708' arrival='36' remaining='35' budget='67812'/>
			<job value='14' ncpu='10' mem='1259' arrival='45' remaining='35' budget='35351'/>
			<job value='40' ncpu='2' mem='615' arrival='48' remaining='30' budget='35812'/>
			<job value='3' ncpu='2' mem='709' arrival='50' remaining='30' budget='46728'/>
			<job value='44' ncpu='3' mem='848' arrival='54' remaining='35' budget='64730'/>
			<job value='44' ncpu='9' mem='1564' arrival='60' remaining='35' budget='96336'/>
			<job value='19' ncpu='8' mem='676' arrival='67' remaining='30' budget='21859'/>
			<job value='30' ncpu='5' mem='625' arrival='76' remaining='30' budget='98053'/>
			<job value='7' ncpu='2' mem='1342' arrival='83' remaining='30' budget='83567'/>
			<job value='31' ncpu='5' mem='1525' arrival='93' remaining='30' budget='64917'/>
			<job value='6' ncpu='3' mem='533' arrival='98' remaining='30' budget='83193'/>
			<job value='36' ncpu='2' mem='553' arrival='101' remaining='35' budget='73838'/>
			<job value='44' ncpu='10' mem='1472' arrival='110' remaining='30' budget='21777'/>
			<job value='28' ncpu='8' mem='1290' arrival='115' remaining='35' budget='11537'/>
			<job value='12' ncpu='5' mem='1473' arrival='120' remaining='35' budget='33081'/>
			<job value='36' ncpu='4' mem='1372' arrival='130' remaining='30' budget='51628'/>
			<job value='2' ncpu='4' mem='1952' arrival='132' remaining='30' budget='77041'/>
			<job value='33' ncpu='6' mem='1202' arrival='134' remaining='30' budget='33171'/>
			<job value='7' ncpu='10' mem='1000' arrival='136' remaining='30' budget='20893'/>
			<job value='35' ncpu='8' mem='1811' arrival='137' remaining='35' budget='55927'/>
			<job value='8' ncpu='5' mem='1342' arrival='144' remaining='30' budget='25594'/>
			<job value='1' ncpu='2' mem='1543' arrival='146' remaining='35' budget='63890'/>
			<job value='2' ncpu='6' mem='903' arrival='153' remaining='30' budget='40900'/>
			<job value='14' ncpu='6' mem='903' arrival='156' remaining='30' budget='31565'/>
			<job value='5' ncpu='10' mem='1868' arrival='160' remaining='35' budget='84965'/>
		</client>
		<client agent='AVOID_MIGRATION' name='c9'>
			<job value='25' ncpu='10' mem='1857' arrival='2' remaining='35' budget='14463'/>
			<job value='35' ncpu='10' mem='1747' arrival='7' remaining='35' budget='94666'/>
			<job value='24' ncpu='7' mem='1304' arrival='10' remaining='35' budget='15880'/>
			<job value='30' ncpu='4' mem='680' arrival='15' remaining='35' budget='43121'/>
			<job value='17' ncpu='5' mem='1565' arrival='20' remaining='35' budget='85029'/>
			<job value='4' ncpu='10' mem='803' arrival='29' remaining='35' budget='99348'/>
			<job value='5' ncpu='1' mem='616' arrival='39' remaining='30' budget='26818'/>
			<job value='28' ncpu='2' mem='766' arrival='47' remaining='35' budget='90181'/>
			<job value='6' ncpu='7' mem='1986' arrival='56' remaining='35' budget='58451'/>
			<job value='11' ncpu='4' mem='962' arrival='57' remaining='35' budget='93626'/>
			<job value='10' ncpu='7' mem='704' arrival='67' remaining='30' budget='95675'/>
			<job value='34' ncpu='9' mem='1522' arrival='77' remaining='30' budget='46532'/>
			<job value='21' ncpu='8' mem='2029' arrival='87' remaining='35' budget='38663'/>
			<job value='40' ncpu='3' mem='1870' arrival='88' remaining='30' budget='24756'/>
			<job value='11' ncpu='7' mem='1631' arrival='96' remaining='35' budget='50644'/>
			<job value='41' ncpu='6' mem='1155' arrival='98' remaining='30' budget='48926'/>
			<job value='26' ncpu='8' mem='1287' arrival='102' remaining='35' budget='30847'/>
			<job value='44' ncpu='7' mem='1385' arrival='106' remaining='35' budget='69004'/>
			<job value='31' ncpu='2' mem='912' arrival='109' remaining='30' budget='84581'/>
			<job value='18' ncpu='8' mem='553' arrival='118' remaining='30' budget='56222'/>
			<job value='5' ncpu='1' mem='1029' arrival='124' remaining='35' budget='29406'/>
			<job value='20' ncpu='6' mem='1078' arrival='130' remaining='35' budget='32027'/>
			<job value='11' ncpu='7' mem='1642' arrival='136' remaining='30' budget='11880'/>
			<job value='11' ncpu='9' mem='1407' arrival='142' remaining='30' budget='18433'/>
			<job value='40' ncpu='6' mem='939' arrival='147' remaining='35' budget='45087'/>
			<job value='33' ncpu='4' mem='1093' arrival='156' remaining='35' budget='77725'/>
			<job value='35' ncpu='10' mem='1598' arrival='157' remaining='30' budget='60654'/>
			<job value='35' ncpu='8' mem='556' arrival='163' remaining='30' budget='60391'/>
			<job value='2' ncpu='7' mem='1853' arrival='164' remaining='35' budget='64005'/>
			<job value='27' ncpu='9' mem='552' arrival='169' remaining='35' budget='41361'/>
		</client>
		<client agent='AVOID_MIGRATION' name='c10'>
			<job value='18' ncpu='4' mem='1440' arrival='4' remaining='30' budget='32864'/>
			<job value='31' ncpu='7' mem='1163' arrival='8' remaining='30' budget='36856'/>
			<job value='2' ncpu='10' mem='1608' arrival='18' remaining='30' budget='12105'/>
			<job value='7' ncpu='4' mem='1959' arrival='25' remaining='35' budget='84197'/>
			<job value='36' ncpu='7' mem='1399' arrival='35' remaining='30' budget='45207'/>
			<job value='42' ncpu='10' mem='889' arrival='41' remaining='35' budget='75458'/>
			<job value='35' ncpu='7' mem='1384' arrival='49' remaining='30' budget='43505'/>
			<job value='32' ncpu='3' mem='1008' arrival='59' remaining='30' budget='41684'/>
			<job value='40' ncpu='5' mem='729' arrival='61' remaining='30' budget='66479'/>
			<job value='26' ncpu='9' mem='1294' arrival='71' remaining='30' budget='58999'/>
			<job value='44' ncpu='10' mem='964' arrival='75' remaining='30' budget='52746'/>
			<job value='17' ncpu='2' mem='1576' arrival='83' remaining='30' budget='69222'/>
			<job value='31' ncpu='2' mem='931' arrival='93' remaining='30' budget='65262'/>
			<job value='8' ncpu='9' mem='1094' arrival='98' remaining='35' budget='83707'/>
			<job value='20' ncpu='8' mem='1558' arrival='99' remaining='30' budget='25102'/>
			<job value='10' ncpu='3' mem='1619' arrival='103' remaining='30' budget='42537'/>
			<job value='38' ncpu='10' mem='1720' arrival='113' remaining='30' budget='64687'/>
			<job value='41' ncpu='6' mem='678' arrival='118' remaining='35' budget='91207'/>
			<job value='2' ncpu='2' mem='593' arrival='124' remaining='30' budget='96914'/>
			<job value='4' ncpu='2' mem='1265' arrival='128' remaining='30' budget='32460'/>
			<job value='44' ncpu='6' mem='1701' arrival='131' remaining='30' budget='76800'/>
			<job value='28' ncpu='8' mem='1553' arrival='133' remaining='35' budget='62901'/>
			<job value='44' ncpu='9' mem='1239' arrival='142' remaining='35' budget='66796'/>
			<job value='10' ncpu='6' mem='866' arrival='149' remaining='35' budget='15491'/>
			<job value='15' ncpu='3' mem='773' arrival='153' remaining='35' budget='48721'/>
			<job value='24' ncpu='6' mem='1716' arrival='162' remaining='30' budget='50622'/>
			<job value='25' ncpu='2' mem='898' arrival='166' remaining='35' budget='98943'/>
			<job value='10' ncpu='8' mem='868' arrival='173' remaining='30' budget='92376'/>
			<job value='22' ncpu='4' mem='1573' arrival='181' remaining='30' budget='63135'/>
			<job value='11' ncpu='1' mem='1419' arrival='190' remaining='35' budget='19782'/>
		</client>
		<client agent='AVOID_MIGRATION' name='c11'>
			<job value='6' ncpu='5' mem='1310' arrival='11' remaining='35' budget='85582'/>
			<job value='32' ncpu='1' mem='1465' arrival='14' remaining='30' budget='54364'/>
			<job value='9' ncpu='8' mem='634' arrival='19' remaining='30' budget='41178'/>
			<job value='28' ncpu='10' mem='546' arrival='28' remaining='30' budget='16012'/>
			<job value='1' ncpu='7' mem='545' arrival='36' remaining='30' budget='25950'/>
			<job value='21' ncpu='7' mem='1694' arrival='37' remaining='35' budget='44807'/>
			<job value='19' ncpu='2' mem='1273' arrival='43' remaining='35' budget='65649'/>
			<job value='20' ncpu='8' mem='1623' arrival='48' remaining='30' budget='82422'/>
			<job value='36' ncpu='8' mem='1392' arrival='54' remaining='35' budget='19647'/>
			<job value='39' ncpu='3' mem='956' arrival='57' remaining='35' budget='18932'/>
			<job value='42' ncpu='5' mem='1122' arrival='67' remaining='35' budget='21263'/>
			<job value='26' ncpu='6' mem='1207' arrival='68' remaining='30' budget='82917'/>
			<job value='34' ncpu='4' mem='1306' arrival='71' remaining='35' budget='83611'/>
			<job value='40' ncpu='4' mem='624' arrival='72' remaining='35' budget='53144'/>
			<job value='32' ncpu='1' mem='1269' arrival='80' remaining='35' budget='82061'/>
			<job value='2' ncpu='1' mem='1004' arrival='88' remaining='35' budget='77845'/>
			<job value='9' ncpu='4' mem='2005' arrival='92' remaining='35' budget='81412'/>
			<job value='28' ncpu='10' mem='1364' arrival='101' remaining='35' budget='20731'/>
			<job value='33' ncpu='3' mem='838' arrival='107' remaining='35' budget='66013'/>
			<job value='43' ncpu='2' mem='816' arrival='112' remaining='35' budget='20378'/>
			<job value='37' ncpu='4' mem='1986' arrival='121' remaining='35' budget='64390'/>
			<job value='28' ncpu='6' mem='780' arrival='125' remaining='35' budget='65897'/>
			<job value='15' ncpu='3' mem='885' arrival='126' remaining='35' budget='53595'/>
			<job value='13' ncpu='6' mem='1920' arrival='135' remaining='35' budget='43139'/>
			<job value='1' ncpu='1' mem='1660' arrival='145' remaining='35' budget='41233'/>
			<job value='4' ncpu='9' mem='1443' arrival='147' remaining='35' budget='86742'/>
			<job value='5' ncpu='9' mem='1302' arrival='157' remaining='35' budget='61235'/>
			<job value='41' ncpu='10' mem='1053' arrival='164' remaining='30' budget='80677'/>
			<job value='7' ncpu='10' mem='586' arrival='173' remaining='35' budget='80281'/>
			<job value='13' ncpu='6' mem='845' arrival='178' remaining='30' budget='44834'/>
		</client>
		<client agent='AVOID_MIGRATION' name='c12'>
			<job value='35' ncpu='9' mem='800' arrival='7' remaining='30' budget='68838'/>
			<job value='5' ncpu='9' mem='660' arrival='17' remaining='35' budget='53785'/>
			<job value='8' ncpu='5' mem='685' arrival='24' remaining='35' budget='89245'/>
			<job value='5' ncpu='6' mem='1802' arrival='30' remaining='35' budget='50211'/>
			<job value='41' ncpu='9' mem='1890' arrival='39' remaining='30' budget='83697'/>
			<job value='4' ncpu='5' mem='747' arrival='47' remaining='35' budget='50878'/>
			<job value='16' ncpu='7' mem='1334' arrival='56' remaining='35' budget='57057'/>
			<job value='26' ncpu='6' mem='1565' arrival='66' remaining='30' budget='88516'/>
			<job value='10' ncpu='9' mem='1639' arrival='67' remaining='35' budget='15809'/>
			<job value='12' ncpu='10' mem='1906' arrival='76' remaining='30' budget='78238'/>
			<job value='27' ncpu='7' mem='1600' arrival='84' remaining='35' budget='90869'/>
			<job value='18' ncpu='6' mem='1494' arrival='93' remaining='35' budget='50407'/>
			<job value='42' ncpu='1' mem='1199' arrival='100' remaining='30' budget='80886'/>
			<job value='11' ncpu='8' mem='1963' arrival='102' remaining='30' budget='74630'/>
			<job value='23' ncpu='10' mem='1036' arrival='103' remaining='35' budget='85978'/>
			<job value='14' ncpu='6' mem='1619' arrival='109' remaining='35' budget='45437'/>
			<job value='7' ncpu='5' mem='754' arrival='112' remaining='35' budget='60709'/>
			<job value='4' ncpu='6' mem='1772' arrival='118' remaining='30' budget='45715'/>
			<job value='6' ncpu='7' mem='870' arrival='123' remaining='30' budget='38355'/>
			<job value='27' ncpu='1' mem='977' arrival='127' remaining='35' budget='61135'/>
			<job value='10' ncpu='6' mem='1723' arrival='132' remaining='30' budget='45063'/>
			<job value='13' ncpu='3' mem='1331' arrival='134' remaining='35' budget='99625'/>
			<job value='15' ncpu='5' mem='1321' arrival='135' remaining='30' budget='79756'/>
			<job value='15' ncpu='7' mem='746' arrival='142' remaining='35' budget='97608'/>
			<job value='21' ncpu='1' mem='1795' arrival='152' remaining='35' budget='92743'/>
			<job value='29' ncpu='10' mem='1470' arrival='162' remaining='30' budget='73067'/>
			<job value='23' ncpu='10' mem='1554' arrival='169' remaining='30' budget='34201'/>
			<job value='42' ncpu='9' mem='639' arrival='178' remaining='30' budget='70409'/>
			<job value='19' ncpu='2' mem='1688' arrival='179' remaining='30' budget='87577'/>
			<job value='42' ncpu='4' mem='1385' arrival='186' remaining='30' budget='21340'/>
		</client>
		<client agent='AVOID_MIGRATION' name='c13'>
			<job value='27' ncpu='1' mem='843' arrival='9' remaining='30' budget='23464'/>
			<job value='10' ncpu='7' mem='872' arrival='19' remaining='30' budget='39914'/>
			<job value='8' ncpu='1' mem='1418' arrival='28' remaining='35' budget='83287'/>
			<job value='28' ncpu='9' mem='824' arrival='35' remaining='30' budget='69358'/>
			<job value='3' ncpu='2' mem='803' arrival='40' remaining='35' budget='23678'/>
			<job value='21' ncpu='6' mem='1312' arrival='45' remaining='30' budget='41795'/>
			<job value='15' ncpu='4' mem='1164' arrival='51' remaining='30' budget='47947'/>
			<job value='32' ncpu='7' mem='1648' arrival='61' remaining='30' budget='92297'/>
			<job value='9' ncpu='10' mem='950' arrival='68' remaining='30' budget='13749'/>
			<job value='37' ncpu='6' mem='1486' arrival='76' remaining='30' budget='60392'/>
			<job value='38' ncpu='1' mem='1619' arrival='86' remaining='35' budget='76074'/>
			<job value='32' ncpu='6' mem='799' arrival='96' remaining='35' budget='88323'/>
			<job value='15' ncpu='2' mem='1089' arrival='106' remaining='35' budget='66300'/>
			<job value='31' ncpu='4' mem='1699' arrival='115' remaining='30' budget='95330'/>
			<job value='10' ncpu='10' mem='1628' arrival='121' remaining='35' budget='82284'/>
			<job value='37' ncpu='2' mem='1504' arrival='128' remaining='35' budget='60536'/>
			<job value='9' ncpu='1' mem='1033' arrival='134' remaining='35' budget='29251'/>
			<job value='30' ncpu='9' mem='658' arrival='141' remaining='35' budget='46517'/>
			<job value='42' ncpu='5' mem='968' arrival='144' remaining='30' budget='81714'/>
			<job value='36' ncpu='10' mem='1516' arrival='148' remaining='30' budget='55220'/>
			<job value='45' ncpu='9' mem='1463' arrival='150' remaining='30' budget='40199'/>
			<job value='20' ncpu='4' mem='1604' arrival='154' remaining='35' budget='32528'/>
			<job value='16' ncpu='5' mem='649' arrival='157' remaining='35' budget='73436'/>
			<job value='35' ncpu='8' mem='974' arrival='159' remaining='35' budget='37430'/>
			<job value='28' ncpu='10' mem='1784' arrival='166' remaining='35' budget='23520'/>
			<job value='4' ncpu='8' mem='1342' arrival='175' remaining='35' budget='46499'/>
			<job value='44' ncpu='6' mem='1642' arrival='184' remaining='30' budget='49277'/>
			<job value='1' ncpu='9' mem='1487' arrival='185' remaining='35' budget='39347'/>
			<job value='13' ncpu='3' mem='528' arrival='193' remaining='35' budget='15896'/>
			<job value='16' ncpu='9' mem='803' arrival='202' remaining='35' budget='44576'/>
		</client>
		<client agent='AVOID_MIGRATION' name='c14'>
			<job value='12' ncpu='7' mem='1168' arrival='10' remaining='30' budget='43057'/>
			<job value='14' ncpu='8' mem='1192' arrival='18' remaining='35' budget='58497'/>
			<job value='4' ncpu='1' mem='1122' arrival='27' remaining='35' budget='57761'/>
			<job value='33' ncpu='6' mem='1049' arrival='34' remaining='35' budget='82472'/>
			<job value='2' ncpu='5' mem='806' arrival='36' remaining='35' budget='62026'/>
			<job value='4' ncpu='1' mem='1639' arrival='40' remaining='30' budget='43490'/>
			<job value='7' ncpu='8' mem='738' arrival='43' remaining='35' budget='52295'/>
			<job value='30' ncpu='3' mem='1600' arrival='47' remaining='30' budget='20239'/>
			<job value='32' ncpu='1' mem='623' arrival='53' remaining='30' budget='44693'/>
			<job value='30' ncpu='5' mem='1955' arrival='62' remaining='30' budget='30523'/>
			<job value='31' ncpu='4' mem='762' arrival='67' remaining='30' budget='75365'/>
			<job value='13' ncpu='3' mem='1062' arrival='72' remaining='30' budget='35159'/>
			<job value='5' ncpu='2' mem='604' arrival='76' remaining='30' budget='67292'/>
			<job value='8' ncpu='2' mem='1978' arrival='80' remaining='35' budget='34492'/>
			<job value='41' ncpu='7' mem='596' arrival='86' remaining='30' budget='14004'/>
			<job value='11' ncpu='8' mem='1340' arrival='95' remaining='35' budget='85752'/>
			<job value='3' ncpu='5' mem='1991' arrival='96' remaining='30' budget='40963'/>
			<job value='29' ncpu='5' mem='1822' arrival='98' remaining='35' budget='72015'/>
			<job value='24' ncpu='2' mem='816' arrival='106' remaining='30' budget='22869'/>
			<job value='23' ncpu='10' mem='1941' arrival='114' remaining='30' budget='75803'/>
			<job value='14' ncpu='3' mem='1610' arrival='121' remaining='30' budget='74173'/>
			<job value='5' ncpu='4' mem='2001' arrival='127' remaining='35' budget='46923'/>
			<job value='32' ncpu='3' mem='1149' arrival='137' remaining='30' budget='82339'/>
			<job value='19' ncpu='3' mem='1916' arrival='139' remaining='30' budget='55765'/>
			<job value='37' ncpu='3' mem='795' arrival='145' remaining='35' budget='28278'/>
			<job value='10' ncpu='5' mem='1785' arrival='151' remaining='30' budget='89437'/>
			<job value='34' ncpu='3' mem='1282' arrival='154' remaining='35' budget='31794'/>
			<job value='11' ncpu='10' mem='739' arrival='161' remaining='35' budget='92117'/>
			<job value='33' ncpu='6' mem='1946' arrival='167' remaining='35' budget='80040'/>
			<job value='15' ncpu='7' mem='577' arrival='172' remaining='30' budget='18642'/>
		</client>
		<client agent='AVOID_MIGRATION' name='c15'>
			<job value='22' ncpu='1' mem='1755' arrival='7' remaining='35' budget='16154'/>
			<job value='25' ncpu='4' mem='1731' arrival='10' remaining='35' budget='97945'/>
			<job value='28' ncpu='8' mem='2041' arrival='15' remaining='35' budget='21002'/>
			<job value='41' ncpu='6' mem='591' arrival='20' remaining='30' budget='67656'/>
			<job value='35' ncpu='5' mem='525' arrival='21' remaining='35' budget='43373'/>
			<job value='28' ncpu='1' mem='1122' arrival='25' remaining='35' budget='55803'/>
			<job value='42' ncpu='4' mem='2036' arrival='26' remaining='30' budget='69928'/>
			<job value='25' ncpu='10' mem='1087' arrival='27' remaining='30' budget='52175'/>
			<job value='32' ncpu='9' mem='914' arrival='34' remaining='35' budget='89254'/>
			<job value='3' ncpu='8' mem='1954' arrival='40' remaining='35' budget='62795'/>
			<job value='30' ncpu='2' mem='836' arrival='50' remaining='30' budget='98012'/>
			<job value='12' ncpu='4' mem='1188' arrival='55' remaining='35' budget='63276'/>
			<job value='12' ncpu='8' mem='1335' arrival='62' remaining='30' budget='69662'/>
			<job value='10' ncpu='7' mem='1511' arrival='68' remaining='30' budget='47490'/>
			<job value='6' ncpu='6' mem='1230' arrival='69' remaining='30' budget='76467'/>
			<job value='25' ncpu='9' mem='691' arrival='76' remaining='30' budget='51902'/>
			<job value='25' ncpu='2' mem='1630' arrival='81' remaining='30' budget='19017'/>
			<job value='36' ncpu='2' mem='981' arrival='87' remaining='35' budget='57586'/>
			<job value='12' ncpu='7' mem='1078' arrival='93' remaining='35' budget='68897'/>
			<job value='34' ncpu='9' mem='1776' arrival='102' remaining='35' budget='64286'/>
			<job value='35' ncpu='2' mem='1481' arrival='109' remaining='35' budget='41651'/>
			<job value='10' ncpu='2' mem='1076' arrival='117' remaining='30' budget='94773'/>
			<job value='30' ncpu='2' mem='919' arrival='122' remaining='30' budget='32113'/>
			<job value='1' ncpu='1' mem='1945' arrival='131' remaining='30' budget='31473'/>
			<job value='27' ncpu='2' mem='1202' arrival='134' remaining='35' budget='29247'/>
			<job value='19' ncpu='4' mem='1128' arrival='138' remaining='30' budget='81701'/>
			<job value='26' ncpu='2' mem='1284' arrival='145' remaining='30' budget='79612'/>
			<job value='15' ncpu='7' mem='1364' arrival='154' remaining='30' budget='99636'/>
			<job value='16' ncpu='5' mem='598' arrival='157' remaining='35' budget='58949'/>
			<job value='39' ncpu='10' mem='982' arrival='167' remaining='35' budget='98648'/>
		</client>
		<client agent='AVOID_MIGRATION' name='c16'>
			<job value='1' ncpu='8' mem='1269' arrival='9' remaining='35' budget='16661'/>
			<job value='25' ncpu='5' mem='1209' arrival='19' remaining='35' budget='54633'/>
			<job value='10' ncpu='7' mem='1513' arrival='24' remaining='30' budget='35027'/>
			<job value='13' ncpu='3' mem='1156' arrival='25' remaining='35' budget='41122'/>
			<job value='19' ncpu='2' mem='1203' arrival='35' remaining='35' budget='19045'/>
			<job value='19' ncpu='7' mem='1261' arrival='39' remaining='30' budget='34863'/>
			<job value='33' ncpu='6' mem='1916' arrival='41' remaining='30' budget='76817'/>
			<job value='31' ncpu='5' mem='1589' arrival='44' remaining='35' budget='76802'/>
			<job value='44' ncpu='6' mem='1959' arrival='45' remaining='30' budget='84487'/>
			<job value='2' ncpu='2' mem='545' arrival='50' remaining='30' budget='83742'/>
			<job value='36' ncpu='8' mem='544' arrival='54' remaining='35' budget='67250'/>
			<job value='30' ncpu='9' mem='659' arrival='59' remaining='30' budget='20486'/>
			<job value='39' ncpu='3' mem='1997' arrival='66' remaining='35' budget='52329'/>
			<job value='23' ncpu='6' mem='957' arrival='73' remaining='30' budget='77951'/>
			<job value='33' ncpu='9' mem='1118' arrival='74' remaining='30' budget='99821'/>
			<job value='22' ncpu='9' mem='1949' arrival='82' remaining='30' budget='70316'/>
			<job value='13' ncpu='1' mem='1116' arrival='89' remaining='35' budget='40370'/>
			<job value='5' ncpu='6' mem='1049' arrival='95' remaining='35' budget='98983'/>
			<job value='41' ncpu='10' mem='1775' arrival='98' remaining='30' budget='88634'/>
			<job value='5' ncpu='1' mem='1195' arrival='103' remaining='35' budget='72634'/>
			<job value='2' ncpu='1' mem='1265' arrival='110' remaining='35' budget='11582'/>
			<job value='17' ncpu='7' mem='1853' arrival='114' remaining='30' budget='80719'/>
			<job value='32' ncpu='7' mem='972' arrival='116' remaining='35' budget='15165'/>
			<job value='21' ncpu='1' mem='1861' arrival='117' remaining='30' budget='24854'/>
			<job value='13' ncpu='4' mem='1094' arrival='126' remaining='35' budget='55918'/>
			<job value='21' ncpu='3' mem='1161' arrival='133' remaining='35' budget='68677'/>
			<job value='27' ncpu='2' mem='1798' arrival='142' remaining='35' budget='12352'/>
			<job value='27' ncpu='4' mem='1531' arrival='150' remaining='35' budget='25532'/>
			<job value='5' ncpu='2' mem='1300' arrival='154' remaining='35' budget='16151'/>
			<job value='39' ncpu='3' mem='689' arrival='164' remaining='35' budget='34772'/>
		</client>
		<client agent='AVOID_MIGRATION' name='c17'>
			<job value='40' ncpu='6' mem='1205' arrival='10' remaining='30' budget='39591'/>
			<job value='43' ncpu='8' mem='1228' arrival='15' remaining='30' budget='26357'/>
			<job value='43' ncpu='8' mem='1280' arrival='22' remaining='30' budget='93513'/>
			<job value='39' ncpu='2' mem='1699' arrival='30' remaining='30' budget='21807'/>
			<job value='3' ncpu='2' mem='909' arrival='36' remaining='30' budget='75675'/>
			<job value='38' ncpu='8' mem='733' arrival='37' remaining='35' budget='76085'/>
			<job value='18' ncpu='2' mem='1790' arrival='40' remaining='35' budget='83775'/>
			<job value='1' ncpu='2' mem='727' arrival='45' remaining='30' budget='91674'/>
			<job value='33' ncpu='8' mem='840' arrival='46' remaining='35' budget='36070'/>
			<job value='20' ncpu='10' mem='1515' arrival='54' remaining='35' budget='92301'/>
			<job value='1' ncpu='9' mem='1953' arrival='56' remaining='35' budget='41503'/>
			<job value='25' ncpu='5' mem='1348' arrival='60' remaining='35' budget='23255'/>
			<job value='12' ncpu='6' mem='812' arrival='69' remaining='30' budget='67580'/>
			<job value='21' ncpu='6' mem='1206' arrival='71' remaining='35' budget='29671'/>
			<job value='42' ncpu='6' mem='1560' arrival='77' remaining='30' budget='49194'/>
			<job value='36' ncpu='10' mem='1669' arrival='83' remaining='30' budget='15725'/>
			<job value='21' ncpu='8' mem='1091' arrival='87' remaining='35' budget='26211'/>
			<job value='23' ncpu='8' mem='966' arrival='89' remaining='35' budget='69528'/>
			<job value='38' ncpu='10' mem='990' arrival='90' remaining='30' budget='37151'/>
			<job value='1' ncpu='1' mem='1896' arrival='100' remaining='30' budget='60967'/>
			<job value='28' ncpu='3' mem='1627' arrival='108' remaining='35' budget='33900'/>
			<job value='44' ncpu='5' mem='1850' arrival='114' remaining='30' budget='17184'/>
			<job value='7' ncpu='9' mem='1438' arrival='121' remaining='30' budget='17575'/>
			<job value='22' ncpu='1' mem='857' arrival='122' remaining='30' budget='40164'/>
			<job value='39' ncpu='6' mem='827' arrival='132' remaining='30' budget='23206'/>
			<job value='35' ncpu='7' mem='1432' arrival='133' remaining='35' budget='12740'/>
			<job value='33' ncpu='10' mem='778' arrival='138' remaining='35' budget='55443'/>
			<job value='44' ncpu='5' mem='1379' arrival='142' remaining='35' budget='26376'/>
			<job value='5' ncpu='9' mem='777' arrival='150' remaining='30' budget='91395'/>
			<job value='44' ncpu='10' mem='1110' arrival='157' remaining='35' budget='54177'/>
		</client>
		<client agent='AVOID_MIGRATION' name='c18'>
			<job value='14' ncpu='8' mem='1404' arrival='7' remaining='30' budget='43029'/>
			<job value='21' ncpu='8' mem='561' arrival='10' remaining='35' budget='15228'/>
			<job value='33' ncpu='4' mem='1403' arrival='17' remaining='35' budget='74206'/>
			<job value='14' ncpu='5' mem='1752' arrival='22' remaining='35' budget='19856'/>
			<job value='34' ncpu='8' mem='628' arrival='28' remaining='35' budget='90471'/>
			<job value='41' ncpu='6' mem='1437' arrival='38' remaining='35' budget='23205'/>
			<job value='9' ncpu='10' mem='529' arrival='45' remaining='35' budget='33379'/>
			<job value='33' ncpu='1' mem='1746' arrival='55' remaining='30' budget='37896'/>
			<job value='28' ncpu='5' mem='627' arrival='61' remaining='35' budget='57500'/>
			<job value='23' ncpu='8' mem='1371' arrival='63' remaining='35' budget='44509'/>
			<job value='5' ncpu='9' mem='568' arrival='72' remaining='30' budget='84205'/>
			<job value='32' ncpu='1' mem='1515' arrival='82' remaining='35' budget='74433'/>
			<job value='32' ncpu='2' mem='718' arrival='90' remaining='30' budget='58192'/>
			<job value='29' ncpu='1' mem='1800' arrival='93' remaining='30' budget='71780'/>
			<job value='14' ncpu='10' mem='1877' arrival='99' remaining='30' budget='71532'/>
			<job value='35' ncpu='4' mem='1363' arrival='103' remaining='35' budget='26921'/>
			<job value='45' ncpu='5' mem='1222' arrival='104' remaining='30' budget='53521'/>
			<job value='39' ncpu='1' mem='1798' arrival='105' remaining='30' budget='88660'/>
			<job value='44' ncpu='9' mem='1755' arrival='113' remaining='35' budget='37179'/>
			<job value='12' ncpu='9' mem='1746' arrival='116' remaining='35' budget='12468'/>
			<job value='6' ncpu='1' mem='1961' arrival='126' remaining='30' budget='75060'/>
			<job value='32' ncpu='7' mem='1332' arrival='127' remaining='35' budget='25412'/>
			<job value='35' ncpu='1' mem='828' arrival='136' remaining='30' budget='28903'/>
			<job value='35' ncpu='3' mem='553' arrival='141' remaining='30' budget='13931'/>
			<job value='6' ncpu='5' mem='1286' arrival='150' remaining='35' budget='65279'/>
			<job value='3' ncpu='4' mem='884' arrival='158' remaining='30' budget='65990'/>
			<job value='41' ncpu='3' mem='885' arrival='165' remaining='35' budget='55633'/>
			<job value='15' ncpu='7' mem='1089' arrival='172' remaining='35' budget='41811'/>
			<job value='37' ncpu='6' mem='1733' arrival='174' remaining='35' budget='95167'/>
			<job value='2' ncpu='3' mem='1927' arrival='179' remaining='35' budget='15686'/>
		</client>
		<client agent='AVOID_MIGRATION' name='c19'>
			<job value='17' ncpu='5' mem='1148' arrival='4' remaining='30' budget='17165'/>
			<job value='16' ncpu='7' mem='803' arrival='13' remaining='30' budget='11560'/>
			<job value='12' ncpu='4' mem='1312' arrival='19' remaining='35' budget='59152'/>
			<job value='7' ncpu='3' mem='1753' arrival='22' remaining='30' budget='37029'/>
			<job value='33' ncpu='6' mem='1094' arrival='23' remaining='30' budget='63531'/>
			<job value='8' ncpu='2' mem='1824' arrival='32' remaining='30' budget='40018'/>
			<job value='35' ncpu='10' mem='702' arrival='40' remaining='30' budget='16341'/>
			<job value='12' ncpu='8' mem='678' arrival='46' remaining='35' budget='39347'/>
			<job value='35' ncpu='6' mem='1737' arrival='48' remaining='35' budget='84227'/>
			<job value='17' ncpu='1' mem='838' arrival='55' remaining='30' budget='28770'/>
			<job value='33' ncpu='10' mem='1352' arrival='63' remaining='35' budget='92856'/>
			<job value='43' ncpu='10' mem='1713' arrival='70' remaining='35' budget='43943'/>
			<job value='37' ncpu='8' mem='1280' arrival='75' remaining='30' budget='64707'/>
			<job value='33' ncpu='10' mem='1811' arrival='81' remaining='35' budget='96935'/>
			<job value='8' ncpu='4' mem='1067' arrival='84' remaining='30' budget='90463'/>
			<job value='10' ncpu='4' mem='586' arrival='94' remaining='35' budget='18899'/>
			<job value='39' ncpu='4' mem='1653' arrival='97' remaining='30' budget='24112'/>
			<job value='1' ncpu='10' mem='539' arrival='101' remaining='35' budget='77051'/>
			<job value='24' ncpu='6' mem='737' arrival='107' remaining='30' budget='25296'/>
			<job value='35' ncpu='9' mem='737' arrival='108' remaining='35' budget='46302'/>
			<job value='6' ncpu='1' mem='2004' arrival='109' remaining='30' budget='70534'/>
			<job value='17' ncpu='10' mem='1424' arrival='118' remaining='35' budget='72710'/>
			<job value='41' ncpu='1' mem='1684' arrival='127' remaining='35' budget='76620'/>
			<job value='6' ncpu='6' mem='1169' arrival='131' remaining='35' budget='24727'/>
			<job value='29' ncpu='7' mem='1023' arrival='134' remaining='30' budget='95717'/>
			<job value='43' ncpu='1' mem='1849' arrival='143' remaining='30' budget='54414'/>
			<job value='22' ncpu='1' mem='836' arrival='147' remaining='35' budget='94671'/>
			<job value='15' ncpu='9' mem='1458' arrival='153' remaining='30' budget='16056'/>
			<job value='34' ncpu='5' mem='800' arrival='163' remaining='35' budget='73289'/>
			<job value='2' ncpu='1' mem='1581' arrival='172' remaining='35' budget='93585'/>
		</client>
	</clients>
</sim>

