<sim quantum='5' delta='5' noise='10' migration='1' bid_window='15'>
	<providers>
		<provider state='on' market_status='free' agent='NO_INC' name='p0'>
			<resource ncpu='13' mem='3946'/>
			<resource ncpu='17' mem='2849'/>
			<resource ncpu='19' mem='3572'/>
		</provider>
		<provider state='on' market_status='free' agent='NO_INC' name='p1'>
			<resource ncpu='19' mem='3348'/>
			<resource ncpu='17' mem='3406'/>
			<resource ncpu='14' mem='2947'/>
		</provider>
		<provider state='on' market_status='free' agent='NO_INC' name='p2'>
			<resource ncpu='15' mem='3872'/>
			<resource ncpu='15' mem='3097'/>
			<resource ncpu='14' mem='2846'/>
		</provider>
		<provider state='on' market_status='free' agent='NO_INC' name='p3'>
			<resource ncpu='15' mem='3940'/>
			<resource ncpu='19' mem='2855'/>
			<resource ncpu='18' mem='3447'/>
		</provider>
		<provider state='on' market_status='free' agent='NO_INC' name='p4'>
			<resource ncpu='11' mem='3278'/>
			<resource ncpu='16' mem='2972'/>
			<resource ncpu='17' mem='2588'/>
		</provider>
	</providers>

	<clients>
		<client agent='AVOID_MIGRATION' name='c0'>
			<job value='7' ncpu='2' mem='2042' arrival='9' remaining='40' budget='41087'/>
			<job value='14' ncpu='2' mem='1827' arrival='12' remaining='35' budget='49814'/>
			<job value='11' ncpu='3' mem='1411' arrival='19' remaining='40' budget='96258'/>
			<job value='2' ncpu='3' mem='1957' arrival='27' remaining='35' budget='16902'/>
			<job value='15' ncpu='7' mem='869' arrival='29' remaining='45' budget='47200'/>
			<job value='11' ncpu='6' mem='1821' arrival='30' remaining='35' budget='89594'/>
			<job value='5' ncpu='3' mem='1218' arrival='35' remaining='40' budget='68704'/>
			<job value='11' ncpu='5' mem='795' arrival='37' remaining='40' budget='73089'/>
			<job value='8' ncpu='4' mem='1474' arrival='38' remaining='50' budget='92676'/>
			<job value='10' ncpu='2' mem='1301' arrival='40' remaining='50' budget='61003'/>
			<job value='8' ncpu='2' mem='512' arrival='46' remaining='35' budget='98328'/>
			<job value='8' ncpu='8' mem='2028' arrival='53' remaining='35' budget='34150'/>
			<job value='11' ncpu='9' mem='1385' arrival='55' remaining='50' budget='95215'/>
			<job value='0' ncpu='2' mem='1557' arrival='59' remaining='40' budget='37838'/>
			<job value='11' ncpu='9' mem='1448' arrival='68' remaining='30' budget='19037'/>
		</client>
		<client agent='AVOID_MIGRATION' name='c1'>
			<job value='8' ncpu='10' mem='1639' arrival='5' remaining='35' budget='81741'/>
			<job value='6' ncpu='6' mem='869' arrival='11' remaining='35' budget='79993'/>
			<job value='11' ncpu='2' mem='521' arrival='20' remaining='35' budget='59217'/>
			<job value='4' ncpu='5' mem='1782' arrival='24' remaining='50' budget='38825'/>
			<job value='1' ncpu='10' mem='1918' arrival='27' remaining='40' budget='72260'/>
			<job value='9' ncpu='5' mem='1305' arrival='31' remaining='50' budget='61729'/>
			<job value='6' ncpu='7' mem='1003' arrival='32' remaining='40' budget='57665'/>
			<job value='11' ncpu='1' mem='1888' arrival='36' remaining='35' budget='57099'/>
			<job value='5' ncpu='9' mem='770' arrival='41' remaining='50' budget='41521'/>
			<job value='0' ncpu='7' mem='731' arrival='42' remaining='40' budget='53507'/>
			<job value='15' ncpu='3' mem='991' arrival='51' remaining='40' budget='78618'/>
			<job value='15' ncpu='6' mem='1742' arrival='53' remaining='40' budget='86582'/>
			<job value='15' ncpu='9' mem='794' arrival='58' remaining='40' budget='28292'/>
			<job value='11' ncpu='2' mem='1014' arrival='68' remaining='30' budget='65288'/>
			<job value='1' ncpu='6' mem='1721' arrival='74' remaining='30' budget='55352'/>
		</client>
		<client agent='AVOID_MIGRATION' name='c2'>
			<job value='9' ncpu='7' mem='1069' arrival='2' remaining='45' budget='35897'/>
			<job value='4' ncpu='7' mem='1347' arrival='7' remaining='50' budget='18454'/>
			<job value='8' ncpu='8' mem='1198' arrival='15' remaining='30' budget='74818'/>
			<job value='6' ncpu='6' mem='1944' arrival='16' remaining='40' budget='27976'/>
			<job value='15' ncpu='7' mem='1699' arrival='21' remaining='30' budget='51830'/>
			<job value='0' ncpu='4' mem='1856' arrival='26' remaining='50' budget='70277'/>
			<job value='7' ncpu='5' mem='1996' arrival='36' remaining='35' budget='18515'/>
			<job value='5' ncpu='2' mem='1040' arrival='42' remaining='50' budget='86459'/>
			<job value='8' ncpu='7' mem='1641' arrival='43' remaining='40' budget='40903'/>
			<job value='8' ncpu='6' mem='1774' arrival='50' remaining='50' budget='82048'/>
			<job value='15' ncpu='5' mem='1331' arrival='51' remaining='50' budget='43921'/>
			<job value='0' ncpu='9' mem='1804' arrival='56' remaining='30' budget='36619'/>
			<job value='5' ncpu='8' mem='1732' arrival='59' remaining='40' budget='80702'/>
			<job value='7' ncpu='2' mem='1591' arrival='60' remaining='30' budget='67496'/>
			<job value='4' ncpu='8' mem='1480' arrival='64' remaining='50' budget='95725'/>
		</client>
		<client agent='AVOID_MIGRATION' name='c3'>
			<job value='2' ncpu='9' mem='1967' arrival='3' remaining='50' budget='74374'/>
			<job value='5' ncpu='5' mem='1741' arrival='13' remaining='50' budget='19432'/>
			<job value='13' ncpu='3' mem='1612' arrival='22' remaining='30' budget='83327'/>
			<job value='4' ncpu='6' mem='1353' arrival='24' remaining='45' budget='40391'/>
			<job value='1' ncpu='3' mem='1872' arrival='34' remaining='50' budget='54082'/>
			<job value='9' ncpu='3' mem='2002' arrival='40' remaining='35' budget='10033'/>
			<job value='2' ncpu='3' mem='1219' arrival='45' remaining='35' budget='92549'/>
			<job value='3' ncpu='4' mem='762' arrival='50' remaining='40' budget='67958'/>
			<job value='10' ncpu='7' mem='1132' arrival='59' remaining='50' budget='87111'/>
			<job value='6' ncpu='2' mem='1831' arrival='61' remaining='30' budget='91287'/>
			<job value='13' ncpu='10' mem='964' arrival='64' remaining='50' budget='35844'/>
			<job value='14' ncpu='7' mem='1307' arrival='72' remaining='30' budget='51851'/>
			<job value='2' ncpu='10' mem='1005' arrival='82' remaining='45' budget='49308'/>
			<job value='10' ncpu='10' mem='1619' arrival='86' remaining='50' budget='57602'/>
			<job value='5' ncpu='2' mem='1261' arrival='94' remaining='40' budget='27996'/>
		</client>
		<client agent='AVOID_MIGRATION' name='c4'>
			<job value='4' ncpu='9' mem='1457' arrival='5' remaining='40' budget='37398'/>
			<job value='11' ncpu='6' mem='1159' arrival='8' remaining='40' budget='85552'/>
			<job value='1' ncpu='7' mem='2042' arrival='9' remaining='30' budget='12308'/>
			<job value='8' ncpu='1' mem='1370' arrival='13' remaining='40' budget='76772'/>
			<job value='10' ncpu='6' mem='1332' arrival='23' remaining='45' budget='62635'/>
			<job value='14' ncpu='6' mem='1873' arrival='29' remaining='30' budget='87466'/>
			<job value='7' ncpu='6' mem='1914' arrival='32' remaining='45' budget='37570'/>
			<job value='6' ncpu='1' mem='822' arrival='36' remaining='45' budget='86094'/>
			<job value='14' ncpu='7' mem='1961' arrival='45' remaining='50' budget='43101'/>
			<job value='6' ncpu='8' mem='1582' arrival='51' remaining='50' budget='65541'/>
			<job value='14' ncpu='4' mem='1016' arrival='58' remaining='45' budget='40104'/>
			<job value='8' ncpu='3' mem='744' arrival='63' remaining='40' budget='13237'/>
			<job value='12' ncpu='5' mem='680' arrival='71' remaining='45' budget='26909'/>
			<job value='15' ncpu='1' mem='1290' arrival='72' remaining='50' budget='25345'/>
			<job value='9' ncpu='9' mem='1989' arrival='82' remaining='30' budget='13735'/>
		</client>
		<client agent='AVOID_MIGRATION' name='c5'>
			<job value='1' ncpu='9' mem='1303' arrival='3' remaining='50' budget='17327'/>
			<job value='0' ncpu='10' mem='613' arrival='5' remaining='40' budget='26637'/>
			<job value='3' ncpu='10' mem='585' arrival='12' remaining='40' budget='31020'/>
			<job value='5' ncpu='3' mem='1632' arrival='15' remaining='45' budget='63566'/>
			<job value='2' ncpu='10' mem='671' arrival='19' remaining='35' budget='58903'/>
			<job value='13' ncpu='10' mem='602' arrival='26' remaining='30' budget='54657'/>
			<job value='8' ncpu='9' mem='656' arrival='29' remaining='40' budget='27108'/>
			<job value='14' ncpu='3' mem='1826' arrival='36' remaining='40' budget='33247'/>
			<job value='11' ncpu='1' mem='901' arrival='39' remaining='30' budget='55584'/>
			<job value='10' ncpu='9' mem='1920' arrival='41' remaining='30' budget='91309'/>
			<job value='10' ncpu='10' mem='600' arrival='47' remaining='40' budget='76717'/>
			<job value='11' ncpu='4' mem='1502' arrival='55' remaining='50' budget='18631'/>
			<job value='4' ncpu='10' mem='1362' arrival='59' remaining='40' budget='94140'/>
			<job value='13' ncpu='6' mem='1802' arrival='69' remaining='30' budget='59479'/>
			<job value='0' ncpu='10' mem='1027' arrival='78' remaining='40' budget='97281'/>
		</client>
		<client agent='AVOID_MIGRATION' name='c6'>
			<job value='11' ncpu='4' mem='1248' arrival='7' remaining='50' budget='94156'/>
			<job value='14' ncpu='7' mem='949' arrival='15' remaining='40' budget='34846'/>
			<job value='0' ncpu='4' mem='1390' arrival='19' remaining='50' budget='44650'/>
			<job value='6' ncpu='3' mem='1826' arrival='27' remaining='45' budget='63539'/>
			<job value='11' ncpu='9' mem='556' arrival='31' remaining='50' budget='78469'/>
			<job value='1' ncpu='1' mem='1539' arrival='37' remaining='40' budget='65115'/>
			<job value='4' ncpu='4' mem='1924' arrival='40' remaining='30' budget='55318'/>
			<job value='6' ncpu='3' mem='1098' arrival='47' remaining='45' budget='14586'/>
			<job value='14' ncpu='3' mem='966' arrival='50' remaining='45' budget='25049'/>
			<job value='14' ncpu='8' mem='1994' arrival='56' remaining='30' budget='76444'/>
			<job value='4' ncpu='10' mem='541' arrival='64' remaining='30' budget='48032'/>
			<job value='13' ncpu='7' mem='806' arrival='65' remaining='45' budget='15105'/>
			<job value='15' ncpu='7' mem='1689' arrival='73' remaining='45' budget='57805'/>
			<job value='7' ncpu='5' mem='1557' arrival='81' remaining='45' budget='90358'/>
			<job value='6' ncpu='6' mem='698' arrival='87' remaining='50' budget='87187'/>
		</client>
		<client agent='AVOID_MIGRATION' name='c7'>
			<job value='0' ncpu='6' mem='2024' arrival='5' remaining='50' budget='86182'/>
			<job value='14' ncpu='5' mem='1655' arrival='15' remaining='40' budget='27967'/>
			<job value='8' ncpu='6' mem='1164' arrival='20' remaining='45' budget='73108'/>
			<job value='8' ncpu='10' mem='1356' arrival='22' remaining='40' budget='12506'/>
			<job value='5' ncpu='4' mem='1472' arrival='29' remaining='40' budget='90221'/>
			<job value='15' ncpu='8' mem='1194' arrival='30' remaining='40' budget='82237'/>
			<job value='3' ncpu='10' mem='660' arrival='34' remaining='35' budget='89347'/>
			<job value='7' ncpu='2' mem='616' arrival='39' remaining='30' budget='25946'/>
			<job value='6' ncpu='9' mem='1617' arrival='46' remaining='35' budget='25309'/>
			<job value='1' ncpu='8' mem='1883' arrival='50' remaining='35' budget='67188'/>
			<job value='15' ncpu='3' mem='1628' arrival='58' remaining='40' budget='48409'/>
			<job value='7' ncpu='10' mem='1801' arrival='61' remaining='30' budget='89994'/>
			<job value='3' ncpu='7' mem='1150' arrival='62' remaining='30' budget='68886'/>
			<job value='2' ncpu='6' mem='1168' arrival='63' remaining='45' budget='96513'/>
			<job value='15' ncpu='10' mem='1296' arrival='73' remaining='40' budget='84602'/>
		</client>
		<client agent='AVOID_MIGRATION' name='c8'>
			<job value='12' ncpu='10' mem='986' arrival='7' remaining='45' budget='33031'/>
			<job value='1' ncpu='3' mem='854' arrival='16' remaining='35' budget='96989'/>
			<job value='1' ncpu='1' mem='1155' arrival='23' remaining='50' budget='25901'/>
			<job value='15' ncpu='6' mem='910' arrival='26' remaining='35' budget='16249'/>
			<job value='10' ncpu='10' mem='936' arrival='32' remaining='40' budget='39981'/>
			<job value='8' ncpu='1' mem='1171' arrival='33' remaining='30' budget='25311'/>
			<job value='4' ncpu='10' mem='1450' arrival='34' remaining='50' budget='85629'/>
			<job value='2' ncpu='9' mem='698' arrival='41' remaining='40' budget='81554'/>
			<job value='9' ncpu='3' mem='924' arrival='43' remaining='40' budget='68881'/>
			<job value='10' ncpu='2' mem='1228' arrival='49' remaining='45' budget='50322'/>
			<job value='10' ncpu='9' mem='628' arrival='56' remaining='30' budget='19870'/>
			<job value='13' ncpu='2' mem='839' arrival='65' remaining='50' budget='32702'/>
			<job value='6' ncpu='9' mem='793' arrival='67' remaining='40' budget='39765'/>
			<job value='2' ncpu='6' mem='984' arrival='72' remaining='30' budget='74642'/>
			<job value='5' ncpu='1' mem='1380' arrival='75' remaining='50' budget='14326'/>
		</client>
		<client agent='AVOID_MIGRATION' name='c9'>
			<job value='2' ncpu='7' mem='1540' arrival='2' remaining='45' budget='70307'/>
			<job value='0' ncpu='8' mem='754' arrival='10' remaining='35' budget='74681'/>
			<job value='5' ncpu='5' mem='1596' arrival='15' remaining='35' budget='43422'/>
			<job value='0' ncpu='1' mem='1300' arrival='17' remaining='30' budget='25376'/>
			<job value='4' ncpu='3' mem='896' arrival='18' remaining='45' budget='40928'/>
			<job value='0' ncpu='9' mem='1077' arrival='28' remaining='40' budget='54384'/>
			<job value='5' ncpu='5' mem='823' arrival='30' remaining='50' budget='46905'/>
			<job value='9' ncpu='6' mem='1966' arrival='35' remaining='35' budget='74281'/>
			<job value='11' ncpu='4' mem='1779' arrival='36' remaining='50' budget='96210'/>
			<job value='4' ncpu='10' mem='680' arrival='44' remaining='45' budget='81931'/>
			<job value='0' ncpu='9' mem='2038' arrival='46' remaining='50' budget='23112'/>
			<job value='13' ncpu='3' mem='874' arrival='49' remaining='45' budget='27684'/>
			<job value='2' ncpu='9' mem='991' arrival='53' remaining='50' budget='72657'/>
			<job value='7' ncpu='1' mem='1033' arrival='54' remaining='30' budget='77266'/>
			<job value='2' ncpu='7' mem='727' arrival='56' remaining='50' budget='40295'/>
		</client>
	</clients>
</sim>

