<sim quantum='5' delta='5' noise='10' migration='1' bid_window='15'>
	<providers>
		<provider state='on' market_status='free' agent='NO_INC' name='p0'>
			<resource ncpu='14' mem='3359'/>
			<resource ncpu='14' mem='3936'/>
			<resource ncpu='20' mem='3153'/>
		</provider>
		<provider state='on' market_status='free' agent='NO_INC' name='p1'>
			<resource ncpu='13' mem='3800'/>
			<resource ncpu='18' mem='3313'/>
			<resource ncpu='18' mem='2651'/>
		</provider>
		<provider state='on' market_status='free' agent='NO_INC' name='p2'>
			<resource ncpu='15' mem='3637'/>
			<resource ncpu='17' mem='2791'/>
			<resource ncpu='11' mem='3470'/>
		</provider>
		<provider state='on' market_status='free' agent='NO_INC' name='p3'>
			<resource ncpu='12' mem='3649'/>
			<resource ncpu='17' mem='4065'/>
			<resource ncpu='15' mem='2647'/>
		</provider>
		<provider state='on' market_status='free' agent='NO_INC' name='p4'>
			<resource ncpu='12' mem='3370'/>
			<resource ncpu='14' mem='2838'/>
			<resource ncpu='15' mem='4040'/>
		</provider>
		<provider state='on' market_status='free' agent='NO_INC' name='p5'>
			<resource ncpu='19' mem='3679'/>
			<resource ncpu='12' mem='3715'/>
			<resource ncpu='20' mem='2810'/>
		</provider>
		<provider state='on' market_status='free' agent='NO_INC' name='p6'>
			<resource ncpu='12' mem='3228'/>
			<resource ncpu='12' mem='3694'/>
			<resource ncpu='15' mem='3930'/>
		</provider>
		<provider state='on' market_status='free' agent='NO_INC' name='p7'>
			<resource ncpu='17' mem='3786'/>
			<resource ncpu='17' mem='3588'/>
			<resource ncpu='20' mem='3973'/>
		</provider>
		<provider state='on' market_status='free' agent='NO_INC' name='p8'>
			<resource ncpu='14' mem='3035'/>
			<resource ncpu='19' mem='2829'/>
			<resource ncpu='13' mem='3008'/>
		</provider>
		<provider state='on' market_status='free' agent='NO_INC' name='p9'>
			<resource ncpu='20' mem='3807'/>
			<resource ncpu='17' mem='3006'/>
			<resource ncpu='11' mem='2965'/>
		</provider>
	</providers>

	<clients>
		<client agent='AVOID_MIGRATION' name='c0'>
			<job value='17' ncpu='3' mem='1049' arrival='4' remaining='45' budget='29893'/>
			<job value='29' ncpu='6' mem='1030' arrival='9' remaining='50' budget='70225'/>
			<job value='34' ncpu='5' mem='1400' arrival='13' remaining='30' budget='13705'/>
			<job value='2' ncpu='1' mem='1819' arrival='14' remaining='30' budget='84812'/>
			<job value='26' ncpu='7' mem='1572' arrival='15' remaining='45' budget='64861'/>
			<job value='12' ncpu='7' mem='1448' arrival='22' remaining='50' budget='83341'/>
			<job value='3' ncpu='2' mem='1280' arrival='27' remaining='30' budget='43772'/>
			<job value='45' ncpu='3' mem='948' arrival='36' remaining='40' budget='45221'/>
			<job value='14' ncpu='1' mem='541' arrival='43' remaining='45' budget='43469'/>
			<job value='44' ncpu='7' mem='1625' arrival='49' remaining='40' budget='76560'/>
			<job value='43' ncpu='3' mem='1090' arrival='53' remaining='40' budget='38455'/>
			<job value='4' ncpu='4' mem='1935' arrival='63' remaining='45' budget='16688'/>
			<job value='28' ncpu='4' mem='1729' arrival='66' remaining='45' budget='75060'/>
			<job value='13' ncpu='6' mem='945' arrival='67' remaining='45' budget='90549'/>
			<job value='33' ncpu='3' mem='914' arrival='70' remaining='35' budget='57289'/>
			<job value='41' ncpu='2' mem='1385' arrival='79' remaining='35' budget='35302'/>
			<job value='13' ncpu='7' mem='1958' arrival='85' remaining='45' budget='17603'/>
			<job value='20' ncpu='5' mem='1478' arrival='92' remaining='35' budget='15885'/>
			<job value='39' ncpu='2' mem='989' arrival='102' remaining='50' budget='22419'/>
			<job value='41' ncpu='2' mem='1780' arrival='106' remaining='40' budget='80298'/>
			<job value='33' ncpu='1' mem='1658' arrival='107' remaining='50' budget='21116'/>
			<job value='2' ncpu='9' mem='1897' arrival='114' remaining='40' budget='44681'/>
			<job value='5' ncpu='1' mem='950' arrival='118' remaining='35' budget='93773'/>
			<job value='36' ncpu='1' mem='1278' arrival='124' remaining='45' budget='25558'/>
			<job value='26' ncpu='3' mem='870' arrival='133' remaining='30' budget='98939'/>
			<job value='8' ncpu='5' mem='1897' arrival='142' remaining='30' budget='93584'/>
			<job value='14' ncpu='10' mem='1654' arrival='145' remaining='35' budget='22193'/>
			<job value='37' ncpu='4' mem='2031' arrival='155' remaining='30' budget='68919'/>
			<job value='20' ncpu='3' mem='1245' arrival='165' remaining='45' budget='34260'/>
			<job value='36' ncpu='3' mem='1295' arrival='167' remaining='45' budget='10537'/>
		</client>
		<client agent='AVOID_MIGRATION' name='c1'>
			<job value='12' ncpu='9' mem='574' arrival='6' remaining='30' budget='32419'/>
			<job value='44' ncpu='5' mem='988' arrival='13' remaining='35' budget='36470'/>
			<job value='7' ncpu='8' mem='1044' arrival='19' remaining='30' budget='81574'/>
			<job value='42' ncpu='8' mem='859' arrival='20' remaining='40' budget='93416'/>
			<job value='29' ncpu='4' mem='1374' arrival='23' remaining='30' budget='64312'/>
			<job value='1' ncpu='3' mem='1152' arrival='27' remaining='45' budget='66136'/>
			<job value='1' ncpu='4' mem='1990' arrival='29' remaining='45' budget='28556'/>
			<job value='23' ncpu='9' mem='762' arrival='35' remaining='50' budget='57414'/>
			<job value='38' ncpu='9' mem='1253' arrival='36' remaining='40' budget='78994'/>
			<job value='41' ncpu='1' mem='852' arrival='41' remaining='40' budget='51918'/>
			<job value='42' ncpu='6' mem='1045' arrival='49' remaining='45' budget='51091'/>
			<job value='21' ncpu='8' mem='686' arrival='57' remaining='45' budget='97176'/>
			<job value='5' ncpu='4' mem='1731' arrival='59' remaining='45' budget='23594'/>
			<job value='35' ncpu='1' mem='1061' arrival='65' remaining='50' budget='74262'/>
			<job value='41' ncpu='7' mem='1347' arrival='75' remaining='45' budget='71304'/>
			<job value='35' ncpu='9' mem='1542' arrival='82' remaining='30' budget='92274'/>
			<job value='45' ncpu='10' mem='1530' arrival='84' remaining='40' budget='46354'/>
			<job value='12' ncpu='5' mem='1253' arrival='89' remaining='30' budget='79973'/>
			<job value='17' ncpu='10' mem='637' arrival='99' remaining='50' budget='30212'/>
			<job value='23' ncpu='4' mem='1796' arrival='101' remaining='40' budget='33760'/>
			<job value='42' ncpu='10' mem='894' arrival='109' remaining='40' budget='26902'/>
			<job value='44' ncpu='3' mem='1075' arrival='117' remaining='50' budget='58227'/>
			<job value='45' ncpu='1' mem='1284' arrival='121' remaining='30' budget='51205'/>
			<job value='36' ncpu='9' mem='1616' arrival='124' remaining='45' budget='89881'/>
			<job value='20' ncpu='8' mem='1299' arrival='130' remaining='45' budget='39678'/>
			<job value='1' ncpu='1' mem='1069' arrival='133' remaining='35' budget='25501'/>
			<job value='11' ncpu='4' mem='1347' arrival='140' remaining='35' budget='21487'/>
			<job value='39' ncpu='3' mem='1455' arrival='144' remaining='40' budget='51608'/>
			<job value='42' ncpu='9' mem='551' arrival='149' remaining='45' budget='47030'/>
			<job value='8' ncpu='10' mem='1798' arrival='159' remaining='40' budget='97469'/>
		</client>
		<client agent='AVOID_MIGRATION' name='c2'>
			<job value='9' ncpu='3' mem='1495' arrival='2' remaining='50' budget='29664'/>
			<job value='17' ncpu='1' mem='1517' arrival='12' remaining='45' budget='64887'/>
			<job value='45' ncpu='3' mem='2039' arrival='18' remaining='50' budget='59863'/>
			<job value='34' ncpu='5' mem='1530' arrival='24' remaining='30' budget='88799'/>
			<job value='38' ncpu='8' mem='1934' arrival='31' remaining='30' budget='46932'/>
			<job value='36' ncpu='3' mem='1915' arrival='36' remaining='45' budget='60025'/>
			<job value='45' ncpu='8' mem='1968' arrival='37' remaining='30' budget='18908'/>
			<job value='34' ncpu='2' mem='2030' arrival='38' remaining='30' budget='96141'/>
			<job value='43' ncpu='10' mem='1630' arrival='44' remaining='40' budget='53263'/>
			<job value='41' ncpu='10' mem='1295' arrival='50' remaining='45' budget='34180'/>
			<job value='7' ncpu='8' mem='1354' arrival='58' remaining='30' budget='48135'/>
			<job value='37' ncpu='6' mem='1769' arrival='64' remaining='50' budget='50441'/>
			<job value='2' ncpu='8' mem='1860' arrival='66' remaining='45' budget='87132'/>
			<job value='26' ncpu='9' mem='1342' arrival='74' remaining='40' budget='61728'/>
			<job value='13' ncpu='10' mem='1253' arrival='84' remaining='45' budget='47114'/>
			<job value='38' ncpu='9' mem='751' arrival='88' remaining='30' budget='89745'/>
			<job value='1' ncpu='7' mem='1925' arrival='89' remaining='45' budget='31189'/>
			<job value='33' ncpu='9' mem='1605' arrival='98' remaining='50' budget='13875'/>
			<job value='36' ncpu='2' mem='1115' arrival='100' remaining='45' budget='79169'/>
			<job value='32' ncpu='4' mem='766' arrival='102' remaining='35' budget='21296'/>
			<job value='10' ncpu='8' mem='1852' arrival='109' remaining='50' budget='53290'/>
			<job value='44' ncpu='10' mem='1974' arrival='117' remaining='45' budget='97048'/>
			<job value='34' ncpu='1' mem='699' arrival='120' remaining='40' budget='69186'/>
			<job value='35' ncpu='7' mem='917' arrival='129' remaining='30' budget='40583'/>
			<job value='43' ncpu='10' mem='1879' arrival='134' remaining='40' budget='10959'/>
			<job value='16' ncpu='4' mem='1155' arrival='140' remaining='45' budget='33449'/>
			<job value='36' ncpu='3' mem='1878' arrival='144' remaining='30' budget='70475'/>
			<job value='36' ncpu='3' mem='1208' arrival='145' remaining='50' budget='82268'/>
			<job value='31' ncpu='3' mem='997' arrival='155' remaining='50' budget='72519'/>
			<job value='10' ncpu='4' mem='1996' arrival='156' remaining='35' budget='47269'/>
		</client>
		<client agent='AVOID_MIGRATION' name='c3'>
			<job value='44' ncpu='4' mem='713' arrival='9' remaining='30' budget='17434'/>
			<job value='40' ncpu='6' mem='878' arrival='12' remaining='50' budget='97427'/>
			<job value='18' ncpu='2' mem='693' arrival='16' remaining='40' budget='35359'/>
			<job value='5' ncpu='2' mem='1840' arrival='19' remaining='30' budget='69646'/>
			<job value='32' ncpu='8' mem='824' arrival='24' remaining='40' budget='80968'/>
			<job value='33' ncpu='8' mem='1015' arrival='33' remaining='40' budget='77346'/>
			<job value='27' ncpu='6' mem='1495' arrival='36' remaining='45' budget='41300'/>
			<job value='29' ncpu='9' mem='603' arrival='40' remaining='40' budget='62500'/>
			<job value='14' ncpu='9' mem='1123' arrival='44' remaining='30' budget='94299'/>
			<job value='26' ncpu='3' mem='605' arrival='45' remaining='30' budget='40919'/>
			<job value='19' ncpu='6' mem='1894' arrival='52' remaining='50' budget='21640'/>
			<job value='11' ncpu='3' mem='1210' arrival='56' remaining='40' budget='23373'/>
			<job value='44' ncpu='3' mem='1869' arrival='66' remaining='30' budget='72239'/>
			<job value='20' ncpu='7' mem='703' arrival='69' remaining='40' budget='88287'/>
			<job value='25' ncpu='7' mem='1682' arrival='78' remaining='40' budget='53601'/>
			<job value='15' ncpu='3' mem='689' arrival='84' remaining='40' budget='88193'/>
			<job value='27' ncpu='3' mem='1120' arrival='92' remaining='35' budget='12845'/>
			<job value='40' ncpu='3' mem='1810' arrival='98' remaining='50' budget='42071'/>
			<job value='39' ncpu='5' mem='860' arrival='99' remaining='40' budget='96279'/>
			<job value='34' ncpu='1' mem='1619' arrival='101' remaining='45' budget='55469'/>
			<job value='42' ncpu='10' mem='591' arrival='102' remaining='40' budget='50728'/>
			<job value='35' ncpu='4' mem='1439' arrival='111' remaining='35' budget='46173'/>
			<job value='30' ncpu='4' mem='724' arrival='117' remaining='50' budget='80388'/>
			<job value='22' ncpu='8' mem='2007' arrival='120' remaining='50' budget='91093'/>
			<job value='6' ncpu='2' mem='773' arrival='127' remaining='40' budget='48076'/>
			<job value='45' ncpu='3' mem='1361' arrival='133' remaining='40' budget='61777'/>
			<job value='33' ncpu='9' mem='730' arrival='141' remaining='30' budget='49053'/>
			<job value='3' ncpu='5' mem='566' arrival='149' remaining='40' budget='97099'/>
			<job value='33' ncpu='1' mem='1844' arrival='159' remaining='45' budget='24185'/>
			<job value='38' ncpu='6' mem='739' arrival='169' remaining='35' budget='31681'/>
		</client>
		<client agent='AVOID_MIGRATION' name='c4'>
			<job value='15' ncpu='5' mem='1906' arrival='4' remaining='30' budget='12005'/>
			<job value='7' ncpu='4' mem='1753' arrival='9' remaining='40' budget='45472'/>
			<job value='36' ncpu='3' mem='1411' arrival='11' remaining='50' budget='98202'/>
			<job value='7' ncpu='8' mem='1196' arrival='17' remaining='40' budget='70002'/>
			<job value='6' ncpu='7' mem='1500' arrival='19' remaining='50' budget='27489'/>
			<job value='23' ncpu='9' mem='2006' arrival='22' remaining='40' budget='95420'/>
			<job value='23' ncpu='1' mem='1292' arrival='30' remaining='50' budget='89094'/>
			<job value='11' ncpu='9' mem='1906' arrival='36' remaining='30' budget='53618'/>
			<job value='12' ncpu='2' mem='1153' arrival='43' remaining='35' budget='87192'/>
			<job value='8' ncpu='6' mem='1717' arrival='46' remaining='40' budget='65886'/>
			<job value='7' ncpu='3' mem='1402' arrival='49' remaining='50' budget='71819'/>
			<job value='18' ncpu='5' mem='1128' arrival='52' remaining='40' budget='85725'/>
			<job value='44' ncpu='2' mem='1880' arrival='61' remaining='45' budget='34423'/>
			<job value='43' ncpu='6' mem='602' arrival='70' remaining='35' budget='83352'/>
			<job value='45' ncpu='2' mem='899' arrival='72' remaining='50' budget='41287'/>
			<job value='1' ncpu='10' mem='1322' arrival='82' remaining='50' budget='49704'/>
			<job value='20' ncpu='4' mem='784' arrival='87' remaining='50' budget='75546'/>
			<job value='1' ncpu='7' mem='1084' arrival='89' remaining='45' budget='87040'/>
			<job value='24' ncpu='10' mem='841' arrival='99' remaining='35' budget='50879'/>
			<job value='8' ncpu='3' mem='1199' arrival='109' remaining='40' budget='75889'/>
			<job value='37' ncpu='9' mem='1196' arrival='115' remaining='50' budget='27390'/>
			<job value='4' ncpu='4' mem='834' arrival='121' remaining='35' budget='89455'/>
			<job value='30' ncpu='5' mem='1490' arrival='124' remaining='35' budget='90122'/>
			<job value='29' ncpu='5' mem='517' arrival='126' remaining='50' budget='10420'/>
			<job value='42' ncpu='10' mem='749' arrival='130' remaining='45' budget='68917'/>
			<job value='28' ncpu='4' mem='759' arrival='137' remaining='30' budget='15520'/>
			<job value='6' ncpu='2' mem='1338' arrival='145' remaining='35' budget='19591'/>
			<job value='39' ncpu='7' mem='880' arrival='148' remaining='45' budget='71493'/>
			<job value='35' ncpu='4' mem='1745' arrival='151' remaining='35' budget='50355'/>
			<job value='5' ncpu='2' mem='1770' arrival='152' remaining='30' budget='96508'/>
		</client>
		<client agent='AVOID_MIGRATION' name='c5'>
			<job value='18' ncpu='7' mem='1807' arrival='6' remaining='40' budget='50672'/>
			<job value='31' ncpu='3' mem='1535' arrival='11' remaining='45' budget='80152'/>
			<job value='28' ncpu='10' mem='1158' arrival='13' remaining='40' budget='75111'/>
			<job value='19' ncpu='1' mem='1811' arrival='18' remaining='50' budget='61315'/>
			<job value='16' ncpu='6' mem='827' arrival='25' remaining='35' budget='18257'/>
			<job value='23' ncpu='9' mem='1304' arrival='30' remaining='35' budget='90605'/>
			<job value='30' ncpu='3' mem='567' arrival='40' remaining='50' budget='97655'/>
			<job value='28' ncpu='3' mem='1592' arrival='48' remaining='50' budget='82790'/>
			<job value='9' ncpu='1' mem='1377' arrival='52' remaining='50' budget='12705'/>
			<job value='8' ncpu='1' mem='597' arrival='54' remaining='30' budget='47701'/>
			<job value='38' ncpu='7' mem='581' arrival='64' remaining='30' budget='75204'/>
			<job value='7' ncpu='6' mem='521' arrival='67' remaining='30' budget='63811'/>
			<job value='9' ncpu='2' mem='987' arrival='77' remaining='40' budget='72927'/>
			<job value='2' ncpu='9' mem='1149' arrival='78' remaining='50' budget='31830'/>
			<job value='17' ncpu='8' mem='1094' arrival='85' remaining='30' budget='34737'/>
			<job value='29' ncpu='10' mem='1869' arrival='87' remaining='30' budget='33229'/>
			<job value='13' ncpu='4' mem='1650' arrival='92' remaining='50' budget='59737'/>
			<job value='18' ncpu='3' mem='1200' arrival='101' remaining='45' budget='71728'/>
			<job value='9' ncpu='9' mem='2025' arrival='106' remaining='35' budget='63973'/>
			<job value='33' ncpu='5' mem='1932' arrival='108' remaining='35' budget='66410'/>
			<job value='39' ncpu='5' mem='1462' arrival='118' remaining='30' budget='34939'/>
			<job value='42' ncpu='10' mem='1163' arrival='126' remaining='35' budget='29480'/>
			<job value='31' ncpu='2' mem='767' arrival='132' remaining='30' budget='93973'/>
			<job value='10' ncpu='1' mem='804' arrival='138' remaining='30' budget='66966'/>
			<job value='7' ncpu='1' mem='702' arrival='145' remaining='30' budget='54340'/>
			<job value='24' ncpu='8' mem='1096' arrival='148' remaining='40' budget='34771'/>
			<job value='34' ncpu='6' mem='864' arrival='156' remaining='30' budget='50428'/>
			<job value='4' ncpu='4' mem='1279' arrival='163' remaining='35' budget='83511'/>
			<job value='27' ncpu='3' mem='1914' arrival='170' remaining='30' budget='92353'/>
			<job value='19' ncpu='6' mem='1686' arrival='173' remaining='50' budget='47332'/>
		</client>
		<client agent='AVOID_MIGRATION' name='c6'>
			<job value='16' ncpu='1' mem='788' arrival='5' remaining='30' budget='82134'/>
			<job value='9' ncpu='10' mem='1296' arrival='10' remaining='35' budget='47645'/>
			<job value='4' ncpu='7' mem='1612' arrival='19' remaining='35' budget='93477'/>
			<job value='8' ncpu='1' mem='1913' arrival='26' remaining='40' budget='71332'/>
			<job value='25' ncpu='6' mem='1429' arrival='33' remaining='50' budget='86325'/>
			<job value='14' ncpu='7' mem='956' arrival='39' remaining='45' budget='50069'/>
			<job value='38' ncpu='8' mem='715' arrival='48' remaining='40' budget='16810'/>
			<job value='14' ncpu='9' mem='870' arrival='50' remaining='35' budget='42405'/>
			<job value='25' ncpu='3' mem='912' arrival='60' remaining='30' budget='57940'/>
			<job value='41' ncpu='6' mem='1705' arrival='67' remaining='40' budget='86233'/>
			<job value='22' ncpu='4' mem='1384' arrival='70' remaining='40' budget='78419'/>
			<job value='6' ncpu='1' mem='1115' arrival='77' remaining='35' budget='48472'/>
			<job value='22' ncpu='4' mem='1195' arrival='85' remaining='40' budget='88709'/>
			<job value='30' ncpu='10' mem='1100' arrival='93' remaining='40' budget='93567'/>
			<job value='20' ncpu='3' mem='1063' arrival='94' remaining='50' budget='36043'/>
			<job value='32' ncpu='5' mem='1815' arrival='101' remaining='40' budget='47487'/>
			<job value='36' ncpu='10' mem='1709' arrival='110' remaining='45' budget='47140'/>
			<job value='39' ncpu='10' mem='1517' arrival='119' remaining='30' budget='81919'/>
			<job value='19' ncpu='2' mem='643' arrival='124' remaining='45' budget='63327'/>
			<job value='15' ncpu='7' mem='1674' arrival='127' remaining='35' budget='22318'/>
			<job value='41' ncpu='10' mem='946' arrival='132' remaining='30' budget='15052'/>
			<job value='8' ncpu='8' mem='1623' arrival='138' remaining='45' budget='76690'/>
			<job value='30' ncpu='3' mem='674' arrival='147' remaining='35' budget='11845'/>
			<job value='28' ncpu='6' mem='908' arrival='151' remaining='35' budget='35486'/>
			<job value='16' ncpu='6' mem='811' arrival='161' remaining='35' budget='44913'/>
			<job value='9' ncpu='1' mem='1673' arrival='166' remaining='40' budget='47595'/>
			<job value='26' ncpu='4' mem='592' arrival='167' remaining='35' budget='18377'/>
			<job value='31' ncpu='5' mem='1825' arrival='169' remaining='30' budget='48886'/>
			<job value='32' ncpu='1' mem='1973' arrival='170' remaining='45' budget='73699'/>
			<job value='4' ncpu='8' mem='1763' arrival='173' remaining='35' budget='90670'/>
		</client>
		<client agent='AVOID_MIGRATION' name='c7'>
			<job value='22' ncpu='5' mem='641' arrival='8' remaining='30' budget='13355'/>
			<job value='22' ncpu='9' mem='837' arrival='12' remaining='30' budget='83507'/>
			<job value='12' ncpu='3' mem='606' arrival='22' remaining='45' budget='53533'/>
			<job value='43' ncpu='2' mem='1720' arrival='25' remaining='45' budget='89814'/>
			<job value='19' ncpu='1' mem='1573' arrival='28' remaining='50' budget='56694'/>
			<job value='10' ncpu='2' mem='1562' arrival='35' remaining='35' budget='98466'/>
			<job value='11' ncpu='3' mem='586' arrival='38' remaining='30' budget='57818'/>
			<job value='24' ncpu='9' mem='848' arrival='45' remaining='50' budget='55921'/>
			<job value='43' ncpu='5' mem='1163' arrival='53' remaining='30' budget='99083'/>
			<job value='6' ncpu='10' mem='1455' arrival='59' remaining='50' budget='95536'/>
			<job value='34' ncpu='5' mem='1900' arrival='60' remaining='35' budget='86538'/>
			<job value='36' ncpu='8' mem='2005' arrival='67' remaining='30' budget='91555'/>
			<job value='39' ncpu='7' mem='1187' arrival='72' remaining='45' budget='48407'/>
			<job value='43' ncpu='9' mem='1699' arrival='73' remaining='40' budget='50744'/>
			<job value='41' ncpu='6' mem='1180' arrival='76' remaining='45' budget='60256'/>
			<job value='17' ncpu='6' mem='1420' arrival='78' remaining='35' budget='56049'/>
			<job value='28' ncpu='4' mem='1815' arrival='82' remaining='45' budget='54173'/>
			<job value='39' ncpu='6' mem='1253' arrival='92' remaining='30' budget='49591'/>
			<job value='7' ncpu='2' mem='1635' arrival='102' remaining='30' budget='86005'/>
			<job value='26' ncpu='10' mem='658' arrival='104' remaining='40' budget='35677'/>
			<job value='8' ncpu='6' mem='1401' arrival='109' remaining='40' budget='11228'/>
			<job value='37' ncpu='1' mem='1562' arrival='111' remaining='45' budget='93719'/>
			<job value='24' ncpu='3' mem='1256' arrival='119' remaining='35' budget='75039'/>
			<job value='29' ncpu='7' mem='627' arrival='128' remaining='45' budget='80606'/>
			<job value='9' ncpu='10' mem='1294' arrival='137' remaining='45' budget='73827'/>
			<job value='21' ncpu='8' mem='1619' arrival='143' remaining='35' budget='97271'/>
			<job value='36' ncpu='3' mem='736' arrival='150' remaining='45' budget='23039'/>
			<job value='35' ncpu='3' mem='1136' arrival='157' remaining='35' budget='99321'/>
			<job value='22' ncpu='7' mem='559' arrival='160' remaining='45' budget='39821'/>
			<job value='40' ncpu='2' mem='716' arrival='161' remaining='35' budget='25164'/>
		</client>
		<client agent='AVOID_MIGRATION' name='c8'>
			<job value='17' ncpu='6' mem='1572' arrival='5' remaining='45' budget='83293'/>
			<job value='32' ncpu='10' mem='938' arrival='7' remaining='35' budget='94717'/>
			<job value='25' ncpu='7' mem='1921' arrival='17' remaining='35' budget='62414'/>
			<job value='34' ncpu='3' mem='602' arrival='18' remaining='50' budget='23401'/>
			<job value='36' ncpu='8' mem='1249' arrival='20' remaining='35' budget='75064'/>
			<job value='10' ncpu='10' mem='1973' arrival='28' remaining='35' budget='23695'/>
			<job value='9' ncpu='4' mem='725' arrival='32' remaining='35' budget='12707'/>
			<job value='4' ncpu='2' mem='667' arrival='41' remaining='40' budget='43146'/>
			<job value='42' ncpu='10' mem='801' arrival='51' remaining='50' budget='49698'/>
			<job value='36' ncpu='6' mem='2038' arrival='58' remaining='50' budget='98908'/>
			<job value='39' ncpu='9' mem='1371' arrival='64' remaining='40' budget='89178'/>
			<job value='16' ncpu='2' mem='1496' arrival='71' remaining='30' budget='89205'/>
			<job value='2' ncpu='10' mem='1008' arrival='72' remaining='40' budget='65972'/>
			<job value='36' ncpu='10' mem='2021' arrival='82' remaining='35' budget='20023'/>
			<job value='28' ncpu='2' mem='1464' arrival='84' remaining='40' budget='61142'/>
			<job value='17' ncpu='2' mem='1831' arrival='94' remaining='45' budget='73951'/>
			<job value='31' ncpu='9' mem='1976' arrival='101' remaining='50' budget='88744'/>
			<job value='16' ncpu='5' mem='1423' arrival='107' remaining='35' budget='52454'/>
			<job value='18' ncpu='9' mem='1554' arrival='110' remaining='30' budget='13434'/>
			<job value='25' ncpu='7' mem='1710' arrival='113' remaining='40' budget='53531'/>
			<job value='29' ncpu='5' mem='872' arrival='116' remaining='40' budget='90154'/>
			<job value='37' ncpu='5' mem='1061' arrival='124' remaining='35' budget='40414'/>
			<job value='28' ncpu='7' mem='1826' arrival='134' remaining='30' budget='39205'/>
			<job value='36' ncpu='2' mem='1521' arrival='138' remaining='40' budget='47982'/>
			<job value='13' ncpu='2' mem='601' arrival='147' remaining='40' budget='68827'/>
			<job value='15' ncpu='9' mem='1504' arrival='155' remaining='35' budget='75087'/>
			<job value='43' ncpu='6' mem='922' arrival='165' remaining='40' budget='82725'/>
			<job value='27' ncpu='7' mem='1026' arrival='173' remaining='30' budget='21554'/>
			<job value='8' ncpu='10' mem='1701' arrival='174' remaining='30' budget='59029'/>
			<job value='27' ncpu='5' mem='1617' arrival='179' remaining='35' budget='14068'/>
		</client>
		<client agent='AVOID_MIGRATION' name='c9'>
			<job value='12' ncpu='4' mem='762' arrival='5' remaining='35' budget='94044'/>
			<job value='30' ncpu='7' mem='1496' arrival='12' remaining='30' budget='18830'/>
			<job value='8' ncpu='3' mem='1614' arrival='16' remaining='40' budget='47194'/>
			<job value='20' ncpu='4' mem='621' arrival='23' remaining='50' budget='17227'/>
			<job value='16' ncpu='6' mem='1537' arrival='28' remaining='45' budget='74282'/>
			<job value='24' ncpu='4' mem='1305' arrival='34' remaining='50' budget='16704'/>
			<job value='16' ncpu='1' mem='788' arrival='38' remaining='40' budget='55445'/>
			<job value='25' ncpu='8' mem='1286' arrival='40' remaining='30' budget='43905'/>
			<job value='37' ncpu='9' mem='1236' arrival='45' remaining='45' budget='54903'/>
			<job value='15' ncpu='10' mem='1459' arrival='50' remaining='45' budget='21719'/>
			<job value='23' ncpu='5' mem='1067' arrival='53' remaining='45' budget='11384'/>
			<job value='5' ncpu='7' mem='1727' arrival='59' remaining='50' budget='29682'/>
			<job value='32' ncpu='4' mem='1068' arrival='68' remaining='30' budget='43977'/>
			<job value='13' ncpu='4' mem='1650' arrival='78' remaining='30' budget='17550'/>
			<job value='40' ncpu='8' mem='2019' arrival='79' remaining='50' budget='29233'/>
			<job value='33' ncpu='7' mem='1475' arrival='80' remaining='50' budget='28336'/>
			<job value='16' ncpu='9' mem='1691' arrival='85' remaining='30' budget='39226'/>
			<job value='8' ncpu='7' mem='1477' arrival='87' remaining='30' budget='65485'/>
			<job value='6' ncpu='4' mem='1963' arrival='91' remaining='45' budget='55762'/>
			<job value='8' ncpu='5' mem='1402' arrival='92' remaining='30' budget='51835'/>
			<job value='2' ncpu='8' mem='1744' arrival='94' remaining='40' budget='46504'/>
			<job value='30' ncpu='2' mem='1128' arrival='102' remaining='35' budget='75828'/>
			<job value='40' ncpu='4' mem='1149' arrival='105' remaining='50' budget='73939'/>
			<job value='29' ncpu='7' mem='1416' arrival='112' remaining='50' budget='16973'/>
			<job value='1' ncpu='8' mem='690' arrival='114' remaining='45' budget='16228'/>
			<job value='29' ncpu='9' mem='1964' arrival='115' remaining='40' budget='51519'/>
			<job value='38' ncpu='10' mem='1342' arrival='121' remaining='35' budget='27539'/>
			<job value='44' ncpu='6' mem='1220' arrival='129' remaining='40' budget='44051'/>
			<job value='43' ncpu='1' mem='652' arrival='135' remaining='35' budget='30667'/>
			<job value='29' ncpu='6' mem='1474' arrival='139' remaining='30' budget='87886'/>
		</client>
		<client agent='AVOID_MIGRATION' name='c10'>
			<job value='2' ncpu='4' mem='1626' arrival='8' remaining='45' budget='62032'/>
			<job value='39' ncpu='5' mem='1428' arrival='14' remaining='30' budget='50633'/>
			<job value='15' ncpu='8' mem='1212' arrival='24' remaining='35' budget='55902'/>
			<job value='35' ncpu='2' mem='1820' arrival='33' remaining='30' budget='36775'/>
			<job value='18' ncpu='5' mem='524' arrival='35' remaining='45' budget='91348'/>
			<job value='23' ncpu='5' mem='1389' arrival='40' remaining='35' budget='93644'/>
			<job value='29' ncpu='1' mem='1913' arrival='43' remaining='30' budget='96126'/>
			<job value='29' ncpu='5' mem='1999' arrival='46' remaining='45' budget='51752'/>
			<job value='12' ncpu='10' mem='1802' arrival='48' remaining='30' budget='55248'/>
			<job value='34' ncpu='1' mem='1854' arrival='53' remaining='35' budget='85578'/>
			<job value='31' ncpu='10' mem='1028' arrival='58' remaining='30' budget='89925'/>
			<job value='42' ncpu='4' mem='997' arrival='64' remaining='50' budget='79614'/>
			<job value='41' ncpu='4' mem='1893' arrival='68' remaining='30' budget='66043'/>
			<job value='31' ncpu='6' mem='733' arrival='71' remaining='30' budget='13672'/>
			<job value='36' ncpu='10' mem='1398' arrival='76' remaining='30' budget='36456'/>
			<job value='18' ncpu='5' mem='1515' arrival='83' remaining='30' budget='41163'/>
			<job value='18' ncpu='7' mem='1820' arrival='92' remaining='50' budget='63667'/>
			<job value='2' ncpu='7' mem='1633' arrival='101' remaining='35' budget='67866'/>
			<job value='35' ncpu='6' mem='1169' arrival='102' remaining='45' budget='58545'/>
			<job value='1' ncpu='7' mem='1696' arrival='105' remaining='50' budget='13152'/>
			<job value='26' ncpu='7' mem='552' arrival='114' remaining='40' budget='47524'/>
			<job value='12' ncpu='6' mem='960' arrival='122' remaining='30' budget='35478'/>
			<job value='28' ncpu='4' mem='1746' arrival='124' remaining='45' budget='83426'/>
			<job value='18' ncpu='6' mem='633' arrival='133' remaining='50' budget='63138'/>
			<job value='5' ncpu='7' mem='1938' arrival='141' remaining='30' budget='29048'/>
			<job value='39' ncpu='5' mem='1602' arrival='145' remaining='40' budget='68603'/>
			<job value='21' ncpu='3' mem='1688' arrival='149' remaining='45' budget='40970'/>
			<job value='39' ncpu='8' mem='772' arrival='158' remaining='45' budget='55270'/>
			<job value='5' ncpu='9' mem='2015' arrival='164' remaining='50' budget='24976'/>
			<job value='21' ncpu='8' mem='601' arrival='171' remaining='50' budget='19332'/>
		</client>
		<client agent='AVOID_MIGRATION' name='c11'>
			<job value='8' ncpu='8' mem='889' arrival='7' remaining='50' budget='93087'/>
			<job value='27' ncpu='4' mem='572' arrival='9' remaining='40' budget='12411'/>
			<job value='26' ncpu='2' mem='1550' arrival='16' remaining='45' budget='25067'/>
			<job value='10' ncpu='3' mem='1945' arrival='23' remaining='35' budget='58517'/>
			<job value='16' ncpu='8' mem='585' arrival='31' remaining='35' budget='65004'/>
			<job value='39' ncpu='3' mem='811' arrival='38' remaining='50' budget='95656'/>
			<job value='32' ncpu='8' mem='1384' arrival='39' remaining='35' budget='92425'/>
			<job value='31' ncpu='2' mem='1225' arrival='49' remaining='35' budget='16200'/>
			<job value='24' ncpu='1' mem='814' arrival='57' remaining='50' budget='54381'/>
			<job value='29' ncpu='10' mem='2024' arrival='63' remaining='40' budget='47414'/>
			<job value='3' ncpu='1' mem='1617' arrival='67' remaining='30' budget='32372'/>
			<job value='20' ncpu='5' mem='657' arrival='75' remaining='40' budget='96157'/>
			<job value='23' ncpu='1' mem='1346' arrival='81' remaining='35' budget='45579'/>
			<job value='37' ncpu='5' mem='1270' arrival='84' remaining='50' budget='29761'/>
			<job value='29' ncpu='3' mem='2004' arrival='92' remaining='45' budget='34809'/>
			<job value='13' ncpu='2' mem='1796' arrival='100' remaining='45' budget='47285'/>
			<job value='7' ncpu='1' mem='1689' arrival='109' remaining='40' budget='99582'/>
			<job value='6' ncpu='6' mem='1484' arrival='118' remaining='30' budget='70359'/>
			<job value='42' ncpu='6' mem='1797' arrival='121' remaining='45' budget='38287'/>
			<job value='16' ncpu='9' mem='1162' arrival='124' remaining='40' budget='63222'/>
			<job value='37' ncpu='3' mem='1546' arrival='130' remaining='40' budget='70200'/>
			<job value='8' ncpu='3' mem='642' arrival='135' remaining='50' budget='98959'/>
			<job value='22' ncpu='6' mem='919' arrival='136' remaining='45' budget='11673'/>
			<job value='26' ncpu='8' mem='757' arrival='140' remaining='35' budget='22679'/>
			<job value='11' ncpu='2' mem='1711' arrival='150' remaining='40' budget='22601'/>
			<job value='40' ncpu='7' mem='584' arrival='153' remaining='50' budget='20137'/>
			<job value='34' ncpu='5' mem='883' arrival='154' remaining='40' budget='17858'/>
			<job value='33' ncpu='7' mem='1114' arrival='159' remaining='35' budget='70731'/>
			<job value='38' ncpu='6' mem='1332' arrival='164' remaining='30' budget='96688'/>
			<job value='37' ncpu='7' mem='1014' arrival='173' remaining='35' budget='72450'/>
		</client>
		<client agent='AVOID_MIGRATION' name='c12'>
			<job value='8' ncpu='10' mem='1945' arrival='9' remaining='45' budget='20980'/>
			<job value='3' ncpu='5' mem='1951' arrival='19' remaining='30' budget='16674'/>
			<job value='24' ncpu='3' mem='1879' arrival='23' remaining='45' budget='73149'/>
			<job value='28' ncpu='5' mem='897' arrival='30' remaining='50' budget='79859'/>
			<job value='3' ncpu='8' mem='1813' arrival='35' remaining='50' budget='50185'/>
			<job value='17' ncpu='8' mem='1599' arrival='37' remaining='40' budget='12500'/>
			<job value='32' ncpu='9' mem='2000' arrival='38' remaining='50' budget='11057'/>
			<job value='11' ncpu='8' mem='690' arrival='43' remaining='40' budget='12669'/>
			<job value='14' ncpu='4' mem='1161' arrival='51' remaining='30' budget='63099'/>
			<job value='19' ncpu='3' mem='1327' arrival='61' remaining='30' budget='91186'/>
			<job value='13' ncpu='3' mem='1932' arrival='69' remaining='45' budget='36781'/>
			<job value='44' ncpu='2' mem='1975' arrival='77' remaining='40' budget='16439'/>
			<job value='35' ncpu='8' mem='1580' arrival='82' remaining='35' budget='81760'/>
			<job value='42' ncpu='4' mem='738' arrival='87' remaining='40' budget='51043'/>
			<job value='38' ncpu='4' mem='1958' arrival='90' remaining='40' budget='86593'/>
			<job value='43' ncpu='8' mem='1563' arrival='91' remaining='40' budget='51372'/>
			<job value='41' ncpu='3' mem='792' arrival='96' remaining='40' budget='95283'/>
			<job value='7' ncpu='7' mem='660' arrival='99' remaining='45' budget='80693'/>
			<job value='12' ncpu='5' mem='1064' arrival='104' remaining='30' budget='59689'/>
			<job value='21' ncpu='7' mem='862' arrival='111' remaining='30' budget='31513'/>
			<job value='28' ncpu='8' mem='912' arrival='114' remaining='45' budget='77878'/>
			<job value='11' ncpu='8' mem='1872' arrival='122' remaining='50' budget='17879'/>
			<job value='23' ncpu='2' mem='628' arrival='129' remaining='30' budget='69717'/>
			<job value='3' ncpu='6' mem='849' arrival='138' remaining='45' budget='13407'/>
			<job value='12' ncpu='5' mem='1942' arrival='146' remaining='40' budget='94799'/>
			<job value='24' ncpu='2' mem='791' arrival='150' remaining='50' budget='59722'/>
			<job value='5' ncpu='1' mem='928' arrival='151' remaining='50' budget='50918'/>
			<job value='35' ncpu='3' mem='1279' arrival='155' remaining='50' budget='79518'/>
			<job value='41' ncpu='8' mem='1126' arrival='165' remaining='40' budget='43233'/>
			<job value='31' ncpu='6' mem='1530' arrival='171' remaining='30' budget='81154'/>
		</client>
		<client agent='AVOID_MIGRATION' name='c13'>
			<job value='19' ncpu='3' mem='1144' arrival='7' remaining='45' budget='65246'/>
			<job value='6' ncpu='1' mem='1754' arrival='12' remaining='35' budget='86388'/>
			<job value='22' ncpu='5' mem='1516' arrival='18' remaining='40' budget='82356'/>
			<job value='14' ncpu='3' mem='1315' arrival='23' remaining='35' budget='17836'/>
			<job value='45' ncpu='2' mem='1392' arrival='30' remaining='50' budget='98040'/>
			<job value='27' ncpu='5' mem='1665' arrival='39' remaining='35' budget='23753'/>
			<job value='4' ncpu='4' mem='705' arrival='49' remaining='35' budget='43802'/>
			<job value='16' ncpu='1' mem='972' arrival='56' remaining='40' budget='74490'/>
			<job value='17' ncpu='4' mem='1147' arrival='64' remaining='30' budget='35201'/>
			<job value='15' ncpu='5' mem='849' arrival='73' remaining='40' budget='54784'/>
			<job value='7' ncpu='3' mem='1735' arrival='78' remaining='35' budget='59201'/>
			<job value='13' ncpu='9' mem='908' arrival='84' remaining='50' budget='11054'/>
			<job value='12' ncpu='8' mem='547' arrival='87' remaining='50' budget='13661'/>
			<job value='7' ncpu='7' mem='905' arrival='91' remaining='50' budget='81957'/>
			<job value='32' ncpu='2' mem='1557' arrival='92' remaining='45' budget='75087'/>
			<job value='20' ncpu='4' mem='1838' arrival='95' remaining='30' budget='88467'/>
			<job value='19' ncpu='10' mem='1092' arrival='105' remaining='50' budget='85994'/>
			<job value='42' ncpu='8' mem='1648' arrival='107' remaining='45' budget='88381'/>
			<job value='36' ncpu='5' mem='1276' arrival='108' remaining='45' budget='93752'/>
			<job value='2' ncpu='2' mem='871' arrival='113' remaining='50' budget='58917'/>
			<job value='35' ncpu='5' mem='1197' arrival='123' remaining='35' budget='74877'/>
			<job value='7' ncpu='1' mem='1682' arrival='127' remaining='40' budget='20350'/>
			<job value='45' ncpu='10' mem='807' arrival='132' remaining='50' budget='73152'/>
			<job value='15' ncpu='9' mem='1955' arrival='138' remaining='30' budget='40992'/>
			<job value='21' ncpu='8' mem='1546' arrival='140' remaining='45' budget='25381'/>
			<job value='40' ncpu='9' mem='1802' arrival='142' remaining='50' budget='14681'/>
			<job value='32' ncpu='4' mem='728' arrival='143' remaining='35' budget='30555'/>
			<job value='8' ncpu='9' mem='768' arrival='149' remaining='40' budget='80083'/>
			<job value='43' ncpu='10' mem='1665' arrival='151' remaining='45' budget='59899'/>
			<job value='35' ncpu='7' mem='1374' arrival='156' remaining='30' budget='47817'/>
		</client>
		<client agent='AVOID_MIGRATION' name='c14'>
			<job value='4' ncpu='4' mem='1205' arrival='10' remaining='50' budget='83982'/>
			<job value='24' ncpu='6' mem='612' arrival='11' remaining='45' budget='71550'/>
			<job value='36' ncpu='6' mem='1074' arrival='14' remaining='40' budget='50841'/>
			<job value='32' ncpu='8' mem='1383' arrival='20' remaining='30' budget='31111'/>
			<job value='14' ncpu='10' mem='1442' arrival='26' remaining='40' budget='47964'/>
			<job value='15' ncpu='5' mem='695' arrival='27' remaining='40' budget='32577'/>
			<job value='25' ncpu='10' mem='1589' arrival='29' remaining='45' budget='52931'/>
			<job value='28' ncpu='1' mem='1364' arrival='39' remaining='35' budget='70408'/>
			<job value='42' ncpu='8' mem='840' arrival='49' remaining='30' budget='81781'/>
			<job value='34' ncpu='3' mem='1110' arrival='53' remaining='50' budget='61434'/>
			<job value='20' ncpu='6' mem='1381' arrival='59' remaining='35' budget='33609'/>
			<job value='37' ncpu='10' mem='1640' arrival='68' remaining='30' budget='83441'/>
			<job value='37' ncpu='9' mem='789' arrival='70' remaining='30' budget='76578'/>
			<job value='26' ncpu='1' mem='1510' arrival='72' remaining='45' budget='89749'/>
			<job value='21' ncpu='5' mem='1774' arrival='73' remaining='35' budget='93206'/>
			<job value='24' ncpu='3' mem='1543' arrival='83' remaining='30' budget='57947'/>
			<job value='27' ncpu='10' mem='1077' arrival='89' remaining='40' budget='82171'/>
			<job value='41' ncpu='8' mem='1375' arrival='95' remaining='30' budget='60672'/>
			<job value='43' ncpu='5' mem='756' arrival='97' remaining='30' budget='50338'/>
			<job value='34' ncpu='10' mem='1193' arrival='102' remaining='40' budget='63793'/>
			<job value='35' ncpu='7' mem='919' arrival='103' remaining='35' budget='12812'/>
			<job value='19' ncpu='6' mem='1079' arrival='105' remaining='40' budget='19214'/>
			<job value='2' ncpu='2' mem='1695' arrival='114' remaining='30' budget='23927'/>
			<job value='20' ncpu='9' mem='1600' arrival='121' remaining='35' budget='37567'/>
			<job value='32' ncpu='4' mem='1206' arrival='126' remaining='30' budget='31696'/>
			<job value='45' ncpu='6' mem='1502' arrival='132' remaining='40' budget='68280'/>
			<job value='38' ncpu='9' mem='1676' arrival='140' remaining='40' budget='50438'/>
			<job value='3' ncpu='5' mem='1147' arrival='144' remaining='50' budget='65740'/>
			<job value='17' ncpu='3' mem='1315' arrival='147' remaining='30' budget='29255'/>
			<job value='42' ncpu='8' mem='570' arrival='152' remaining='50' budget='37421'/>
		</client>
		<client agent='AVOID_MIGRATION' name='c15'>
			<job value='2' ncpu='4' mem='1575' arrival='9' remaining='45' budget='41917'/>
			<job value='6' ncpu='6' mem='727' arrival='13' remaining='40' budget='76128'/>
			<job value='26' ncpu='9' mem='973' arrival='17' remaining='30' budget='98541'/>
			<job value='10' ncpu='7' mem='1878' arrival='20' remaining='40' budget='69403'/>
			<job value='36' ncpu='7' mem='1345' arrival='28' remaining='30' budget='71328'/>
			<job value='34' ncpu='5' mem='621' arrival='36' remaining='30' budget='18073'/>
			<job value='14' ncpu='8' mem='1266' arrival='46' remaining='45' budget='83578'/>
			<job value='37' ncpu='2' mem='2029' arrival='55' remaining='40' budget='78819'/>
			<job value='17' ncpu='1' mem='1566' arrival='60' remaining='45' budget='57645'/>
			<job value='28' ncpu='1' mem='1876' arrival='61' remaining='50' budget='60920'/>
			<job value='23' ncpu='6' mem='1298' arrival='68' remaining='45' budget='97056'/>
			<job value='20' ncpu='5' mem='1121' arrival='71' remaining='40' budget='18531'/>
			<job value='20' ncpu='9' mem='2045' arrival='78' remaining='40' budget='22221'/>
			<job value='21' ncpu='10' mem='980' arrival='85' remaining='50' budget='34125'/>
			<job value='13' ncpu='7' mem='1123' arrival='91' remaining='30' budget='72389'/>
			<job value='32' ncpu='2' mem='947' arrival='101' remaining='45' budget='52035'/>
			<job value='35' ncpu='10' mem='1955' arrival='102' remaining='45' budget='79045'/>
			<job value='21' ncpu='7' mem='1495' arrival='112' remaining='30' budget='53673'/>
			<job value='9' ncpu='1' mem='1167' arrival='114' remaining='45' budget='94978'/>
			<job value='5' ncpu='10' mem='1541' arrival='120' remaining='35' budget='26077'/>
			<job value='27' ncpu='5' mem='571' arrival='127' remaining='45' budget='77945'/>
			<job value='28' ncpu='1' mem='1499' arrival='135' remaining='45' budget='18027'/>
			<job value='21' ncpu='9' mem='1427' arrival='140' remaining='30' budget='82929'/>
			<job value='32' ncpu='10' mem='1893' arrival='142' remaining='50' budget='39630'/>
			<job value='31' ncpu='8' mem='800' arrival='146' remaining='35' budget='85421'/>
			<job value='43' ncpu='9' mem='1211' arrival='155' remaining='30' budget='51051'/>
			<job value='42' ncpu='10' mem='2016' arrival='162' remaining='40' budget='56486'/>
			<job value='18' ncpu='2' mem='565' arrival='166' remaining='50' budget='90393'/>
			<job value='31' ncpu='9' mem='1892' arrival='171' remaining='40' budget='75001'/>
			<job value='39' ncpu='5' mem='592' arrival='178' remaining='40' budget='19589'/>
		</client>
		<client agent='AVOID_MIGRATION' name='c16'>
			<job value='11' ncpu='1' mem='1565' arrival='2' remaining='35' budget='42947'/>
			<job value='45' ncpu='10' mem='1235' arrival='8' remaining='40' budget='42626'/>
			<job value='23' ncpu='5' mem='2035' arrival='11' remaining='30' budget='52372'/>
			<job value='29' ncpu='1' mem='954' arrival='21' remaining='30' budget='70161'/>
			<job value='17' ncpu='6' mem='647' arrival='27' remaining='50' budget='53755'/>
			<job value='10' ncpu='10' mem='1979' arrival='37' remaining='30' budget='24975'/>
			<job value='1' ncpu='10' mem='1182' arrival='39' remaining='35' budget='63293'/>
			<job value='31' ncpu='4' mem='594' arrival='40' remaining='30' budget='84531'/>
			<job value='10' ncpu='8' mem='698' arrival='41' remaining='40' budget='57189'/>
			<job value='36' ncpu='7' mem='609' arrival='42' remaining='50' budget='99181'/>
			<job value='33' ncpu='7' mem='1964' arrival='52' remaining='40' budget='54418'/>
			<job value='36' ncpu='1' mem='1032' arrival='56' remaining='45' budget='53312'/>
			<job value='31' ncpu='9' mem='579' arrival='63' remaining='35' budget='75100'/>
			<job value='40' ncpu='2' mem='1620' arrival='66' remaining='50' budget='36782'/>
			<job value='21' ncpu='6' mem='1798' arrival='76' remaining='40' budget='42191'/>
			<job value='33' ncpu='8' mem='1784' arrival='82' remaining='50' budget='71360'/>
			<job value='13' ncpu='9' mem='1277' arrival='86' remaining='40' budget='37379'/>
			<job value='23' ncpu='7' mem='887' arrival='92' remaining='35' budget='95101'/>
			<job value='6' ncpu='6' mem='590' arrival='94' remaining='50' budget='15417'/>
			<job value='4' ncpu='8' mem='1181' arrival='95' remaining='40' budget='81806'/>
			<job value='14' ncpu='3' mem='920' arrival='102' remaining='50' budget='24046'/>
			<job value='39' ncpu='10' mem='739' arrival='106' remaining='30' budget='11539'/>
			<job value='34' ncpu='7' mem='1084' arrival='111' remaining='50' budget='40092'/>
			<job value='3' ncpu='7' mem='1374' arrival='120' remaining='30' budget='27504'/>
			<job value='36' ncpu='6' mem='838' arrival='127' remaining='40' budget='74362'/>
			<job value='7' ncpu='7' mem='1822' arrival='132' remaining='30' budget='41701'/>
			<job value='44' ncpu='4' mem='1259' arrival='137' remaining='50' budget='96711'/>
			<job value='2' ncpu='1' mem='1420' arrival='143' remaining='35' budget='89459'/>
			<job value='30' ncpu='2' mem='735' arrival='149' remaining='30' budget='26544'/>
			<job value='2' ncpu='7' mem='1719' arrival='151' remaining='30' budget='30309'/>
		</client>
		<client agent='AVOID_MIGRATION' name='c17'>
			<job value='3' ncpu='6' mem='1784' arrival='7' remaining='45' budget='79039'/>
			<job value='20' ncpu='2' mem='1027' arrival='9' remaining='45' budget='81335'/>
			<job value='4' ncpu='7' mem='708' arrival='16' remaining='30' budget='80216'/>
			<job value='4' ncpu='6' mem='2044' arrival='19' remaining='50' budget='79002'/>
			<job value='41' ncpu='9' mem='572' arrival='22' remaining='45' budget='63042'/>
			<job value='4' ncpu='3' mem='1469' arrival='31' remaining='35' budget='38495'/>
			<job value='45' ncpu='6' mem='1099' arrival='40' remaining='30' budget='93298'/>
			<job value='5' ncpu='3' mem='612' arrival='48' remaining='45' budget='79943'/>
			<job value='5' ncpu='3' mem='608' arrival='51' remaining='35' budget='25995'/>
			<job value='10' ncpu='8' mem='1588' arrival='54' remaining='50' budget='61797'/>
			<job value='26' ncpu='1' mem='1591' arrival='57' remaining='50' budget='84680'/>
			<job value='23' ncpu='4' mem='1189' arrival='59' remaining='30' budget='62186'/>
			<job value='10' ncpu='2' mem='1147' arrival='67' remaining='45' budget='20749'/>
			<job value='35' ncpu='4' mem='1100' arrival='73' remaining='50' budget='10972'/>
			<job value='10' ncpu='6' mem='895' arrival='75' remaining='45' budget='86574'/>
			<job value='31' ncpu='2' mem='1170' arrival='77' remaining='30' budget='25141'/>
			<job value='28' ncpu='6' mem='1530' arrival='81' remaining='30' budget='87387'/>
			<job value='24' ncpu='9' mem='1831' arrival='85' remaining='40' budget='17623'/>
			<job value='13' ncpu='9' mem='1294' arrival='95' remaining='30' budget='94642'/>
			<job value='12' ncpu='4' mem='1856' arrival='104' remaining='45' budget='35587'/>
			<job value='37' ncpu='8' mem='893' arrival='108' remaining='35' budget='75204'/>
			<job value='33' ncpu='6' mem='1187' arrival='116' remaining='35' budget='90847'/>
			<job value='24' ncpu='9' mem='1545' arrival='120' remaining='40' budget='30008'/>
			<job value='6' ncpu='10' mem='883' arrival='124' remaining='30' budget='39317'/>
			<job value='34' ncpu='9' mem='1998' arrival='129' remaining='30' budget='86290'/>
			<job value='24' ncpu='5' mem='765' arrival='136' remaining='45' budget='10500'/>
			<job value='18' ncpu='6' mem='1272' arrival='143' remaining='40' budget='38751'/>
			<job value='35' ncpu='9' mem='1542' arrival='150' remaining='45' budget='18306'/>
			<job value='45' ncpu='8' mem='811' arrival='155' remaining='30' budget='72137'/>
			<job value='2' ncpu='3' mem='1873' arrival='165' remaining='35' budget='56433'/>
		</client>
		<client agent='AVOID_MIGRATION' name='c18'>
			<job value='24' ncpu='3' mem='1798' arrival='7' remaining='50' budget='89316'/>
			<job value='38' ncpu='8' mem='1871' arrival='9' remaining='35' budget='32593'/>
			<job value='7' ncpu='5' mem='1968' arrival='14' remaining='45' budget='30502'/>
			<job value='1' ncpu='1' mem='593' arrival='23' remaining='45' budget='75934'/>
			<job value='37' ncpu='4' mem='1030' arrival='29' remaining='30' budget='63754'/>
			<job value='10' ncpu='4' mem='1466' arrival='33' remaining='35' budget='10280'/>
			<job value='34' ncpu='2' mem='583' arrival='36' remaining='50' budget='35732'/>
			<job value='16' ncpu='1' mem='968' arrival='45' remaining='40' budget='43586'/>
			<job value='6' ncpu='4' mem='694' arrival='51' remaining='35' budget='55261'/>
			<job value='10' ncpu='10' mem='1905' arrival='52' remaining='30' budget='84838'/>
			<job value='25' ncpu='10' mem='1940' arrival='56' remaining='45' budget='79555'/>
			<job value='6' ncpu='4' mem='1368' arrival='64' remaining='30' budget='16719'/>
			<job value='4' ncpu='6' mem='797' arrival='65' remaining='40' budget='19800'/>
			<job value='41' ncpu='1' mem='1247' arrival='71' remaining='50' budget='18560'/>
			<job value='22' ncpu='8' mem='884' arrival='73' remaining='45' budget='53541'/>
			<job value='31' ncpu='3' mem='1464' arrival='80' remaining='30' budget='44689'/>
			<job value='36' ncpu='10' mem='734' arrival='89' remaining='35' budget='73115'/>
			<job value='11' ncpu='1' mem='1788' arrival='90' remaining='35' budget='43342'/>
			<job value='20' ncpu='1' mem='1281' arrival='97' remaining='45' budget='95221'/>
			<job value='29' ncpu='10' mem='667' arrival='101' remaining='45' budget='46185'/>
			<job value='34' ncpu='10' mem='819' arrival='103' remaining='45' budget='45744'/>
			<job value='12' ncpu='4' mem='1429' arrival='113' remaining='40' budget='22179'/>
			<job value='18' ncpu='1' mem='1172' arrival='118' remaining='35' budget='13107'/>
			<job value='12' ncpu='2' mem='1645' arrival='128' remaining='35' budget='66311'/>
			<job value='3' ncpu='9' mem='1044' arrival='131' remaining='50' budget='77501'/>
			<job value='2' ncpu='5' mem='1776' arrival='132' remaining='30' budget='10508'/>
			<job value='43' ncpu='1' mem='672' arrival='140' remaining='30' budget='98807'/>
			<job value='9' ncpu='8' mem='682' arrival='143' remaining='50' budget='96837'/>
			<job value='7' ncpu='9' mem='1324' arrival='148' remaining='40' budget='66711'/>
			<job value='7' ncpu='4' mem='1095' arrival='154' remaining='40' budget='28151'/>
		</client>
		<client agent='AVOID_MIGRATION' name='c19'>
			<job value='23' ncpu='10' mem='1505' arrival='9' remaining='50' budget='77787'/>
			<job value='25' ncpu='7' mem='1964' arrival='11' remaining='30' budget='75246'/>
			<job value='40' ncpu='3' mem='1612' arrival='19' remaining='50' budget='48156'/>
			<job value='26' ncpu='2' mem='1048' arrival='25' remaining='45' budget='19814'/>
			<job value='27' ncpu='5' mem='1117' arrival='26' remaining='30' budget='18791'/>
			<job value='7' ncpu='4' mem='997' arrival='30' remaining='40' budget='89714'/>
			<job value='1' ncpu='2' mem='1989' arrival='37' remaining='45' budget='64182'/>
			<job value='36' ncpu='6' mem='1166' arrival='43' remaining='45' budget='98868'/>
			<job value='41' ncpu='6' mem='1426' arrival='50' remaining='35' budget='22907'/>
			<job value='8' ncpu='5' mem='1764' arrival='58' remaining='45' budget='68812'/>
			<job value='9' ncpu='1' mem='1300' arrival='68' remaining='40' budget='75325'/>
			<job value='6' ncpu='8' mem='1430' arrival='78' remaining='30' budget='13262'/>
			<job value='45' ncpu='5' mem='1531' arrival='83' remaining='45' budget='19381'/>
			<job value='5' ncpu='2' mem='700' arrival='90' remaining='45' budget='64410'/>
			<job value='8' ncpu='1' mem='1479' arrival='96' remaining='35' budget='50453'/>
			<job value='15' ncpu='10' mem='1552' arrival='106' remaining='30' budget='31448'/>
			<job value='34' ncpu='10' mem='1909' arrival='108' remaining='45' budget='38706'/>
			<job value='33' ncpu='1' mem='960' arrival='117' remaining='50' budget='46552'/>
			<job value='20' ncpu='5' mem='1880' arrival='119' remaining='30' budget='79081'/>
			<job value='43' ncpu='1' mem='1284' arrival='121' remaining='40' budget='92398'/>
			<job value='2' ncpu='5' mem='1770' arrival='125' remaining='40' budget='21092'/>
			<job value='44' ncpu='9' mem='517' arrival='134' remaining='50' budget='95166'/>
			<job value='2' ncpu='5' mem='1950' arrival='139' remaining='45' budget='19181'/>
			<job value='44' ncpu='5' mem='1411' arrival='149' remaining='30' budget='35612'/>
			<job value='38' ncpu='3' mem='1866' arrival='152' remaining='50' budget='42141'/>
			<job value='1' ncpu='9' mem='919' arrival='161' remaining='45' budget='13276'/>
			<job value='33' ncpu='4' mem='1297' arrival='163' remaining='40' budget='84198'/>
			<job value='2' ncpu='6' mem='743' arrival='172' remaining='50' budget='35849'/>
			<job value='25' ncpu='8' mem='812' arrival='178' remaining='50' budget='47715'/>
			<job value='30' ncpu='4' mem='1192' arrival='182' remaining='30' budget='84429'/>
		</client>
	</clients>
</sim>

