<sim quantum='5' delta='5' noise='10' migration='1'>
	<providers>
		<provider state='on' market_status='free' agent='NO_INC' name='p0'>
			<resource ncpu='1' mem='771'/>
			<resource ncpu='10' mem='949'/>
			<resource ncpu='10' mem='1801'/>
			<resource ncpu='4' mem='552'/>
			<resource ncpu='4' mem='1183'/>
			<resource ncpu='9' mem='1884'/>
			<resource ncpu='6' mem='1563'/>
			<resource ncpu='9' mem='1341'/>
			<resource ncpu='3' mem='740'/>
			<resource ncpu='8' mem='1181'/>
		</provider>
		<provider state='on' market_status='free' agent='NO_INC' name='p1'>
			<resource ncpu='9' mem='1250'/>
			<resource ncpu='1' mem='1557'/>
			<resource ncpu='5' mem='1576'/>
			<resource ncpu='10' mem='906'/>
			<resource ncpu='5' mem='1034'/>
			<resource ncpu='8' mem='892'/>
			<resource ncpu='1' mem='693'/>
			<resource ncpu='4' mem='1534'/>
			<resource ncpu='1' mem='1233'/>
			<resource ncpu='4' mem='1526'/>
		</provider>
		<provider state='on' market_status='free' agent='NO_INC' name='p2'>
			<resource ncpu='7' mem='1826'/>
			<resource ncpu='9' mem='1811'/>
			<resource ncpu='5' mem='1496'/>
			<resource ncpu='2' mem='1093'/>
			<resource ncpu='4' mem='1646'/>
			<resource ncpu='5' mem='1118'/>
			<resource ncpu='3' mem='1397'/>
			<resource ncpu='5' mem='1923'/>
			<resource ncpu='5' mem='1457'/>
			<resource ncpu='3' mem='872'/>
		</provider>
		<provider state='on' market_status='free' agent='NO_INC' name='p3'>
			<resource ncpu='4' mem='1378'/>
			<resource ncpu='4' mem='2028'/>
			<resource ncpu='6' mem='1031'/>
			<resource ncpu='5' mem='1366'/>
			<resource ncpu='2' mem='890'/>
			<resource ncpu='1' mem='855'/>
			<resource ncpu='10' mem='1223'/>
			<resource ncpu='10' mem='1178'/>
			<resource ncpu='4' mem='1248'/>
			<resource ncpu='10' mem='1916'/>
		</provider>
		<provider state='on' market_status='free' agent='NO_INC' name='p4'>
			<resource ncpu='7' mem='1267'/>
			<resource ncpu='10' mem='1248'/>
			<resource ncpu='9' mem='1451'/>
			<resource ncpu='1' mem='1387'/>
			<resource ncpu='5' mem='1848'/>
			<resource ncpu='2' mem='517'/>
			<resource ncpu='1' mem='1586'/>
			<resource ncpu='3' mem='531'/>
			<resource ncpu='4' mem='828'/>
			<resource ncpu='8' mem='1986'/>
		</provider>
		<provider state='on' market_status='free' agent='NO_INC' name='p5'>
			<resource ncpu='2' mem='1206'/>
			<resource ncpu='9' mem='772'/>
			<resource ncpu='6' mem='1084'/>
			<resource ncpu='7' mem='898'/>
			<resource ncpu='7' mem='1148'/>
			<resource ncpu='7' mem='1716'/>
			<resource ncpu='2' mem='753'/>
			<resource ncpu='9' mem='1711'/>
			<resource ncpu='4' mem='1757'/>
			<resource ncpu='8' mem='585'/>
		</provider>
		<provider state='on' market_status='free' agent='NO_INC' name='p6'>
			<resource ncpu='6' mem='1769'/>
			<resource ncpu='4' mem='1843'/>
			<resource ncpu='1' mem='681'/>
			<resource ncpu='4' mem='1580'/>
			<resource ncpu='6' mem='1074'/>
			<resource ncpu='3' mem='837'/>
			<resource ncpu='4' mem='773'/>
			<resource ncpu='6' mem='1919'/>
			<resource ncpu='1' mem='1506'/>
			<resource ncpu='5' mem='889'/>
		</provider>
		<provider state='on' market_status='free' agent='NO_INC' name='p7'>
			<resource ncpu='3' mem='1293'/>
			<resource ncpu='1' mem='989'/>
			<resource ncpu='1' mem='955'/>
			<resource ncpu='2' mem='899'/>
			<resource ncpu='7' mem='1992'/>
			<resource ncpu='1' mem='927'/>
			<resource ncpu='6' mem='792'/>
			<resource ncpu='5' mem='833'/>
			<resource ncpu='9' mem='2018'/>
			<resource ncpu='3' mem='1989'/>
		</provider>
		<provider state='on' market_status='free' agent='NO_INC' name='p8'>
			<resource ncpu='4' mem='557'/>
			<resource ncpu='8' mem='1742'/>
			<resource ncpu='2' mem='812'/>
			<resource ncpu='9' mem='1523'/>
			<resource ncpu='2' mem='962'/>
			<resource ncpu='2' mem='625'/>
			<resource ncpu='1' mem='588'/>
			<resource ncpu='4' mem='1966'/>
			<resource ncpu='10' mem='1770'/>
			<resource ncpu='1' mem='551'/>
		</provider>
		<provider state='on' market_status='free' agent='NO_INC' name='p9'>
			<resource ncpu='6' mem='556'/>
			<resource ncpu='7' mem='1478'/>
			<resource ncpu='9' mem='960'/>
			<resource ncpu='3' mem='1702'/>
			<resource ncpu='3' mem='1575'/>
			<resource ncpu='9' mem='986'/>
			<resource ncpu='5' mem='1668'/>
			<resource ncpu='8' mem='1356'/>
			<resource ncpu='10' mem='1509'/>
			<resource ncpu='1' mem='1758'/>
		</provider>
	</providers>

	<clients>
		<client agent='AVOID_MIGRATION' name='c0'>
			<job value='2' ncpu='9' mem='1093' arrival='7' remaining='5' budget='98236'/>
			<job value='4' ncpu='5' mem='1470' arrival='16' remaining='5' budget='48819'/>
			<job value='5' ncpu='6' mem='1046' arrival='26' remaining='10' budget='16074'/>
			<job value='4' ncpu='2' mem='1331' arrival='35' remaining='10' budget='99381'/>
			<job value='2' ncpu='2' mem='1554' arrival='42' remaining='10' budget='10403'/>
			<job value='1' ncpu='5' mem='535' arrival='44' remaining='5' budget='97408'/>
			<job value='4' ncpu='2' mem='1411' arrival='46' remaining='5' budget='69476'/>
			<job value='1' ncpu='9' mem='604' arrival='55' remaining='5' budget='42453'/>
			<job value='2' ncpu='10' mem='1925' arrival='61' remaining='5' budget='59477'/>
			<job value='4' ncpu='1' mem='1241' arrival='69' remaining='5' budget='27408'/>
			<job value='4' ncpu='1' mem='1483' arrival='71' remaining='5' budget='98855'/>
			<job value='4' ncpu='9' mem='1183' arrival='80' remaining='5' budget='95146'/>
			<job value='5' ncpu='9' mem='650' arrival='84' remaining='5' budget='21621'/>
			<job value='4' ncpu='10' mem='1732' arrival='92' remaining='5' budget='75515'/>
			<job value='5' ncpu='1' mem='708' arrival='99' remaining='5' budget='63536'/>
			<job value='5' ncpu='8' mem='1473' arrival='103' remaining='5' budget='35309'/>
			<job value='1' ncpu='2' mem='2037' arrival='105' remaining='10' budget='45215'/>
			<job value='3' ncpu='5' mem='1072' arrival='112' remaining='5' budget='89385'/>
			<job value='4' ncpu='3' mem='1266' arrival='115' remaining='10' budget='37480'/>
			<job value='1' ncpu='6' mem='742' arrival='120' remaining='10' budget='24125'/>
		</client>
		<client agent='AVOID_MIGRATION' name='c1'>
			<job value='1' ncpu='5' mem='1436' arrival='8' remaining='10' budget='90929'/>
			<job value='5' ncpu='10' mem='1570' arrival='11' remaining='5' budget='75727'/>
			<job value='1' ncpu='7' mem='1061' arrival='20' remaining='5' budget='41019'/>
			<job value='2' ncpu='3' mem='1138' arrival='30' remaining='5' budget='89869'/>
			<job value='3' ncpu='2' mem='1264' arrival='37' remaining='5' budget='88859'/>
			<job value='5' ncpu='3' mem='985' arrival='42' remaining='10' budget='55314'/>
			<job value='1' ncpu='4' mem='1184' arrival='45' remaining='5' budget='91750'/>
			<job value='3' ncpu='1' mem='1700' arrival='55' remaining='10' budget='87988'/>
			<job value='1' ncpu='9' mem='561' arrival='62' remaining='5' budget='53954'/>
			<job value='3' ncpu='7' mem='1362' arrival='72' remaining='10' budget='86208'/>
			<job value='4' ncpu='6' mem='788' arrival='76' remaining='5' budget='91775'/>
			<job value='4' ncpu='1' mem='901' arrival='80' remaining='10' budget='65082'/>
			<job value='3' ncpu='4' mem='1138' arrival='86' remaining='5' budget='28776'/>
			<job value='1' ncpu='6' mem='1550' arrival='96' remaining='10' budget='70883'/>
			<job value='2' ncpu='3' mem='1336' arrival='98' remaining='10' budget='17838'/>
			<job value='3' ncpu='7' mem='951' arrival='105' remaining='10' budget='81603'/>
			<job value='1' ncpu='4' mem='1748' arrival='109' remaining='5' budget='89798'/>
			<job value='1' ncpu='9' mem='1465' arrival='116' remaining='10' budget='18345'/>
			<job value='5' ncpu='3' mem='1023' arrival='125' remaining='5' budget='23675'/>
			<job value='2' ncpu='5' mem='1735' arrival='130' remaining='5' budget='53879'/>
		</client>
		<client agent='AVOID_MIGRATION' name='c2'>
			<job value='5' ncpu='6' mem='670' arrival='11' remaining='10' budget='55228'/>
			<job value='3' ncpu='6' mem='723' arrival='12' remaining='10' budget='97525'/>
			<job value='5' ncpu='3' mem='1872' arrival='14' remaining='10' budget='41883'/>
			<job value='3' ncpu='5' mem='2022' arrival='16' remaining='10' budget='57812'/>
			<job value='3' ncpu='10' mem='1380' arrival='25' remaining='10' budget='75575'/>
			<job value='4' ncpu='3' mem='1906' arrival='33' remaining='10' budget='47090'/>
			<job value='2' ncpu='5' mem='1839' arrival='34' remaining='10' budget='10860'/>
			<job value='5' ncpu='7' mem='1939' arrival='38' remaining='5' budget='68425'/>
			<job value='4' ncpu='7' mem='1542' arrival='45' remaining='5' budget='41302'/>
			<job value='1' ncpu='3' mem='925' arrival='53' remaining='5' budget='82133'/>
			<job value='4' ncpu='3' mem='832' arrival='56' remaining='10' budget='70152'/>
			<job value='5' ncpu='6' mem='1368' arrival='61' remaining='10' budget='51441'/>
			<job value='3' ncpu='7' mem='1060' arrival='71' remaining='5' budget='93014'/>
			<job value='2' ncpu='7' mem='1363' arrival='80' remaining='10' budget='82109'/>
			<job value='5' ncpu='5' mem='907' arrival='86' remaining='5' budget='56086'/>
			<job value='1' ncpu='10' mem='1705' arrival='90' remaining='5' budget='72810'/>
			<job value='1' ncpu='5' mem='2026' arrival='99' remaining='5' budget='66692'/>
			<job value='4' ncpu='10' mem='954' arrival='100' remaining='5' budget='70376'/>
			<job value='3' ncpu='2' mem='1770' arrival='105' remaining='5' budget='5439'/>
			<job value='5' ncpu='8' mem='1887' arrival='107' remaining='10' budget='92982'/>
		</client>
		<client agent='AVOID_MIGRATION' name='c3'>
			<job value='1' ncpu='8' mem='1102' arrival='6' remaining='5' budget='34747'/>
			<job value='1' ncpu='8' mem='799' arrival='12' remaining='5' budget='44556'/>
			<job value='1' ncpu='10' mem='1543' arrival='13' remaining='5' budget='65501'/>
			<job value='2' ncpu='9' mem='1125' arrival='19' remaining='5' budget='2152'/>
			<job value='2' ncpu='7' mem='1645' arrival='27' remaining='10' budget='12078'/>
			<job value='2' ncpu='3' mem='1395' arrival='34' remaining='5' budget='12775'/>
			<job value='2' ncpu='1' mem='646' arrival='43' remaining='5' budget='77538'/>
			<job value='1' ncpu='2' mem='2003' arrival='48' remaining='10' budget='93954'/>
			<job value='3' ncpu='5' mem='1943' arrival='49' remaining='5' budget='95213'/>
			<job value='1' ncpu='10' mem='788' arrival='51' remaining='5' budget='8098'/>
			<job value='1' ncpu='10' mem='1480' arrival='55' remaining='5' budget='61216'/>
			<job value='2' ncpu='10' mem='1208' arrival='65' remaining='10' budget='70708'/>
			<job value='2' ncpu='8' mem='1307' arrival='67' remaining='5' budget='53861'/>
			<job value='1' ncpu='6' mem='930' arrival='76' remaining='10' budget='47155'/>
			<job value='2' ncpu='2' mem='2031' arrival='82' remaining='5' budget='56153'/>
			<job value='2' ncpu='3' mem='983' arrival='86' remaining='10' budget='46665'/>
			<job value='2' ncpu='4' mem='1975' arrival='92' remaining='5' budget='27866'/>
			<job value='3' ncpu='10' mem='1431' arrival='102' remaining='5' budget='77363'/>
			<job value='5' ncpu='7' mem='1061' arrival='108' remaining='5' budget='25789'/>
			<job value='1' ncpu='10' mem='883' arrival='116' remaining='5' budget='80853'/>
		</client>
		<client agent='AVOID_MIGRATION' name='c4'>
			<job value='1' ncpu='2' mem='2011' arrival='5' remaining='10' budget='33262'/>
			<job value='3' ncpu='2' mem='973' arrival='15' remaining='10' budget='87507'/>
			<job value='2' ncpu='7' mem='1164' arrival='25' remaining='10' budget='27810'/>
			<job value='4' ncpu='2' mem='1017' arrival='30' remaining='5' budget='4790'/>
			<job value='3' ncpu='2' mem='1194' arrival='31' remaining='5' budget='96740'/>
			<job value='4' ncpu='5' mem='577' arrival='39' remaining='5' budget='54565'/>
			<job value='1' ncpu='2' mem='635' arrival='40' remaining='5' budget='65597'/>
			<job value='2' ncpu='6' mem='1002' arrival='44' remaining='5' budget='3847'/>
			<job value='2' ncpu='4' mem='520' arrival='47' remaining='10' budget='57421'/>
			<job value='3' ncpu='5' mem='698' arrival='49' remaining='5' budget='59827'/>
			<job value='3' ncpu='8' mem='1888' arrival='50' remaining='5' budget='94571'/>
			<job value='1' ncpu='9' mem='1674' arrival='52' remaining='5' budget='27265'/>
			<job value='4' ncpu='5' mem='1536' arrival='53' remaining='5' budget='67540'/>
			<job value='3' ncpu='2' mem='1737' arrival='63' remaining='5' budget='18205'/>
			<job value='1' ncpu='5' mem='785' arrival='68' remaining='10' budget='87867'/>
			<job value='5' ncpu='10' mem='1310' arrival='69' remaining='10' budget='9595'/>
			<job value='5' ncpu='4' mem='1617' arrival='77' remaining='10' budget='8506'/>
			<job value='3' ncpu='8' mem='1312' arrival='81' remaining='10' budget='4966'/>
			<job value='4' ncpu='8' mem='1812' arrival='90' remaining='10' budget='11955'/>
			<job value='2' ncpu='4' mem='611' arrival='95' remaining='5' budget='91191'/>
		</client>
		<client agent='AVOID_MIGRATION' name='c5'>
			<job value='3' ncpu='8' mem='1166' arrival='9' remaining='10' budget='28184'/>
			<job value='5' ncpu='8' mem='1437' arrival='19' remaining='5' budget='18019'/>
			<job value='3' ncpu='9' mem='1170' arrival='25' remaining='10' budget='78566'/>
			<job value='3' ncpu='9' mem='788' arrival='32' remaining='5' budget='40920'/>
			<job value='4' ncpu='5' mem='2038' arrival='35' remaining='5' budget='75704'/>
			<job value='1' ncpu='6' mem='1749' arrival='44' remaining='10' budget='57502'/>
			<job value='3' ncpu='7' mem='824' arrival='48' remaining='5' budget='16737'/>
			<job value='5' ncpu='6' mem='1244' arrival='57' remaining='5' budget='35318'/>
			<job value='5' ncpu='2' mem='766' arrival='60' remaining='5' budget='2647'/>
			<job value='4' ncpu='9' mem='1714' arrival='70' remaining='5' budget='75287'/>
			<job value='5' ncpu='9' mem='1140' arrival='72' remaining='5' budget='63089'/>
			<job value='5' ncpu='3' mem='1225' arrival='79' remaining='5' budget='92791'/>
			<job value='2' ncpu='8' mem='1943' arrival='81' remaining='10' budget='12185'/>
			<job value='3' ncpu='3' mem='1493' arrival='88' remaining='10' budget='24357'/>
			<job value='4' ncpu='10' mem='1622' arrival='94' remaining='5' budget='85594'/>
			<job value='5' ncpu='5' mem='1986' arrival='102' remaining='5' budget='87170'/>
			<job value='5' ncpu='3' mem='1313' arrival='111' remaining='10' budget='42235'/>
			<job value='4' ncpu='8' mem='1077' arrival='117' remaining='10' budget='52247'/>
			<job value='3' ncpu='7' mem='806' arrival='122' remaining='5' budget='33379'/>
			<job value='5' ncpu='7' mem='842' arrival='125' remaining='5' budget='95399'/>
		</client>
		<client agent='AVOID_MIGRATION' name='c6'>
			<job value='3' ncpu='1' mem='1643' arrival='10' remaining='10' budget='62046'/>
			<job value='5' ncpu='5' mem='978' arrival='17' remaining='10' budget='61112'/>
			<job value='2' ncpu='2' mem='1649' arrival='24' remaining='5' budget='58502'/>
			<job value='3' ncpu='7' mem='1170' arrival='31' remaining='5' budget='64104'/>
			<job value='1' ncpu='9' mem='604' arrival='37' remaining='5' budget='63798'/>
			<job value='2' ncpu='5' mem='989' arrival='47' remaining='10' budget='63531'/>
			<job value='4' ncpu='1' mem='1115' arrival='49' remaining='10' budget='72033'/>
			<job value='1' ncpu='5' mem='1043' arrival='56' remaining='10' budget='8233'/>
			<job value='3' ncpu='7' mem='642' arrival='59' remaining='5' budget='77265'/>
			<job value='2' ncpu='6' mem='1317' arrival='66' remaining='10' budget='33213'/>
			<job value='3' ncpu='5' mem='1432' arrival='73' remaining='5' budget='38938'/>
			<job value='4' ncpu='4' mem='823' arrival='81' remaining='10' budget='9761'/>
			<job value='1' ncpu='2' mem='1928' arrival='90' remaining='10' budget='88515'/>
			<job value='3' ncpu='2' mem='1015' arrival='100' remaining='10' budget='87056'/>
			<job value='2' ncpu='8' mem='1590' arrival='102' remaining='5' budget='50571'/>
			<job value='5' ncpu='10' mem='1389' arrival='109' remaining='10' budget='50287'/>
			<job value='3' ncpu='7' mem='1909' arrival='118' remaining='10' budget='55435'/>
			<job value='5' ncpu='7' mem='1426' arrival='126' remaining='5' budget='71544'/>
			<job value='5' ncpu='3' mem='1183' arrival='130' remaining='5' budget='18465'/>
			<job value='5' ncpu='5' mem='992' arrival='137' remaining='10' budget='82628'/>
		</client>
		<client agent='AVOID_MIGRATION' name='c7'>
			<job value='4' ncpu='10' mem='1661' arrival='9' remaining='10' budget='86362'/>
			<job value='2' ncpu='3' mem='1975' arrival='11' remaining='5' budget='17143'/>
			<job value='2' ncpu='10' mem='1715' arrival='14' remaining='10' budget='88375'/>
			<job value='1' ncpu='1' mem='1139' arrival='20' remaining='5' budget='42790'/>
			<job value='5' ncpu='10' mem='670' arrival='23' remaining='5' budget='16725'/>
			<job value='4' ncpu='5' mem='1629' arrival='29' remaining='5' budget='94383'/>
			<job value='2' ncpu='6' mem='729' arrival='34' remaining='10' budget='83809'/>
			<job value='2' ncpu='9' mem='1851' arrival='39' remaining='10' budget='67429'/>
			<job value='3' ncpu='7' mem='1877' arrival='42' remaining='5' budget='90303'/>
			<job value='2' ncpu='8' mem='1581' arrival='51' remaining='10' budget='35515'/>
			<job value='1' ncpu='6' mem='865' arrival='52' remaining='10' budget='13041'/>
			<job value='1' ncpu='10' mem='646' arrival='57' remaining='10' budget='13171'/>
			<job value='2' ncpu='5' mem='682' arrival='58' remaining='10' budget='79193'/>
			<job value='5' ncpu='7' mem='1348' arrival='65' remaining='10' budget='42753'/>
			<job value='2' ncpu='8' mem='1881' arrival='69' remaining='10' budget='92992'/>
			<job value='4' ncpu='3' mem='1268' arrival='73' remaining='5' budget='98382'/>
			<job value='3' ncpu='8' mem='618' arrival='75' remaining='10' budget='55322'/>
			<job value='2' ncpu='5' mem='1970' arrival='81' remaining='10' budget='69320'/>
			<job value='4' ncpu='1' mem='1208' arrival='85' remaining='10' budget='55971'/>
			<job value='1' ncpu='3' mem='594' arrival='87' remaining='10' budget='75992'/>
		</client>
		<client agent='AVOID_MIGRATION' name='c8'>
			<job value='1' ncpu='1' mem='795' arrival='6' remaining='10' budget='30610'/>
			<job value='5' ncpu='6' mem='1432' arrival='9' remaining='10' budget='74225'/>
			<job value='4' ncpu='9' mem='1003' arrival='10' remaining='10' budget='27368'/>
			<job value='5' ncpu='10' mem='1490' arrival='18' remaining='5' budget='86464'/>
			<job value='5' ncpu='1' mem='1508' arrival='20' remaining='10' budget='87468'/>
			<job value='3' ncpu='3' mem='1872' arrival='25' remaining='10' budget='49220'/>
			<job value='5' ncpu='5' mem='1369' arrival='35' remaining='5' budget='4569'/>
			<job value='3' ncpu='2' mem='1736' arrival='43' remaining='10' budget='45497'/>
			<job value='1' ncpu='6' mem='1796' arrival='52' remaining='10' budget='62922'/>
			<job value='5' ncpu='5' mem='1111' arrival='60' remaining='5' budget='21559'/>
			<job value='3' ncpu='9' mem='1219' arrival='70' remaining='5' budget='99828'/>
			<job value='3' ncpu='7' mem='1711' arrival='72' remaining='10' budget='70405'/>
			<job value='2' ncpu='8' mem='837' arrival='76' remaining='10' budget='18133'/>
			<job value='4' ncpu='5' mem='1977' arrival='79' remaining='10' budget='65073'/>
			<job value='5' ncpu='9' mem='1723' arrival='86' remaining='5' budget='61486'/>
			<job value='2' ncpu='8' mem='962' arrival='94' remaining='5' budget='28157'/>
			<job value='2' ncpu='3' mem='2013' arrival='104' remaining='5' budget='46428'/>
			<job value='4' ncpu='5' mem='1929' arrival='105' remaining='10' budget='95287'/>
			<job value='5' ncpu='10' mem='1557' arrival='109' remaining='10' budget='483'/>
			<job value='5' ncpu='6' mem='1656' arrival='113' remaining='5' budget='59094'/>
		</client>
		<client agent='AVOID_MIGRATION' name='c9'>
			<job value='5' ncpu='3' mem='764' arrival='7' remaining='10' budget='16290'/>
			<job value='5' ncpu='10' mem='612' arrival='17' remaining='5' budget='57755'/>
			<job value='4' ncpu='6' mem='1551' arrival='25' remaining='10' budget='88666'/>
			<job value='1' ncpu='6' mem='1215' arrival='34' remaining='5' budget='33933'/>
			<job value='2' ncpu='3' mem='880' arrival='44' remaining='10' budget='20732'/>
			<job value='5' ncpu='8' mem='1460' arrival='46' remaining='10' budget='58228'/>
			<job value='3' ncpu='8' mem='1969' arrival='53' remaining='5' budget='28823'/>
			<job value='2' ncpu='5' mem='1378' arrival='60' remaining='5' budget='17696'/>
			<job value='5' ncpu='3' mem='887' arrival='70' remaining='5' budget='53136'/>
			<job value='3' ncpu='10' mem='593' arrival='72' remaining='10' budget='93072'/>
			<job value='4' ncpu='3' mem='1297' arrival='78' remaining='10' budget='20139'/>
			<job value='3' ncpu='3' mem='1949' arrival='83' remaining='5' budget='75150'/>
			<job value='2' ncpu='1' mem='1624' arrival='87' remaining='5' budget='52387'/>
			<job value='2' ncpu='6' mem='1915' arrival='89' remaining='10' budget='49244'/>
			<job value='2' ncpu='2' mem='1515' arrival='98' remaining='5' budget='96620'/>
			<job value='5' ncpu='7' mem='523' arrival='108' remaining='10' budget='69780'/>
			<job value='3' ncpu='4' mem='1024' arrival='116' remaining='10' budget='71216'/>
			<job value='1' ncpu='7' mem='1145' arrival='121' remaining='5' budget='45892'/>
			<job value='5' ncpu='7' mem='892' arrival='131' remaining='5' budget='65008'/>
			<job value='1' ncpu='6' mem='1427' arrival='136' remaining='10' budget='56230'/>
		</client>
	</clients>
</sim>

