<sim quantum='5' delta='5' noise='10' migration='1'>
	<providers>
		<provider state='on' market_status='free' agent='NO_INC' name='p0'>
			<resource ncpu='9' mem='1276'/>
			<resource ncpu='8' mem='1407'/>
			<resource ncpu='10' mem='1964'/>
			<resource ncpu='4' mem='1264'/>
			<resource ncpu='9' mem='603'/>
			<resource ncpu='4' mem='1914'/>
			<resource ncpu='7' mem='1321'/>
			<resource ncpu='6' mem='766'/>
			<resource ncpu='7' mem='520'/>
			<resource ncpu='4' mem='893'/>
		</provider>
		<provider state='on' market_status='free' agent='NO_INC' name='p1'>
			<resource ncpu='9' mem='2003'/>
			<resource ncpu='1' mem='679'/>
			<resource ncpu='8' mem='850'/>
			<resource ncpu='7' mem='777'/>
			<resource ncpu='7' mem='987'/>
			<resource ncpu='2' mem='669'/>
			<resource ncpu='6' mem='615'/>
			<resource ncpu='5' mem='1902'/>
			<resource ncpu='3' mem='1247'/>
			<resource ncpu='9' mem='1959'/>
		</provider>
		<provider state='on' market_status='free' agent='NO_INC' name='p2'>
			<resource ncpu='8' mem='1449'/>
			<resource ncpu='6' mem='1083'/>
			<resource ncpu='1' mem='1327'/>
			<resource ncpu='1' mem='1247'/>
			<resource ncpu='1' mem='1683'/>
			<resource ncpu='9' mem='1256'/>
			<resource ncpu='1' mem='798'/>
			<resource ncpu='5' mem='1662'/>
			<resource ncpu='10' mem='544'/>
			<resource ncpu='6' mem='1760'/>
		</provider>
	</providers>

	<clients>
		<client agent='AVOID_MIGRATION' name='c0'>
			<job value='1' ncpu='2' mem='1192' arrival='8' remaining='5' budget='39265'/>
			<job value='3' ncpu='8' mem='859' arrival='16' remaining='10' budget='73492'/>
			<job value='1' ncpu='3' mem='770' arrival='17' remaining='5' budget='34030'/>
		</client>
		<client agent='AVOID_MIGRATION' name='c1'>
			<job value='1' ncpu='1' mem='558' arrival='3' remaining='5' budget='91915'/>
			<job value='1' ncpu='5' mem='1097' arrival='13' remaining='5' budget='95838'/>
			<job value='5' ncpu='8' mem='1885' arrival='23' remaining='5' budget='63144'/>
		</client>
		<client agent='AVOID_MIGRATION' name='c2'>
			<job value='5' ncpu='5' mem='724' arrival='2' remaining='5' budget='78504'/>
			<job value='3' ncpu='1' mem='905' arrival='5' remaining='5' budget='22141'/>
			<job value='1' ncpu='7' mem='881' arrival='12' remaining='10' budget='17050'/>
		</client>
		<client agent='AVOID_MIGRATION' name='c3'>
			<job value='4' ncpu='5' mem='622' arrival='8' remaining='10' budget='78568'/>
			<job value='3' ncpu='9' mem='877' arrival='11' remaining='10' budget='9052'/>
			<job value='1' ncpu='2' mem='852' arrival='16' remaining='10' budget='76737'/>
		</client>
		<client agent='AVOID_MIGRATION' name='c4'>
			<job value='2' ncpu='7' mem='769' arrival='3' remaining='5' budget='54959'/>
			<job value='4' ncpu='4' mem='1209' arrival='9' remaining='5' budget='30880'/>
			<job value='2' ncpu='6' mem='1720' arrival='16' remaining='10' budget='19972'/>
		</client>
		<client agent='AVOID_MIGRATION' name='c5'>
			<job value='2' ncpu='1' mem='692' arrival='7' remaining='5' budget='27718'/>
			<job value='1' ncpu='10' mem='1606' arrival='11' remaining='10' budget='79135'/>
			<job value='5' ncpu='4' mem='1679' arrival='12' remaining='5' budget='70200'/>
		</client>
		<client agent='AVOID_MIGRATION' name='c6'>
			<job value='5' ncpu='2' mem='682' arrival='4' remaining='5' budget='35838'/>
			<job value='3' ncpu='8' mem='993' arrival='6' remaining='10' budget='25886'/>
			<job value='2' ncpu='6' mem='1680' arrival='12' remaining='5' budget='9395'/>
		</client>
		<client agent='AVOID_MIGRATION' name='c7'>
			<job value='4' ncpu='1' mem='1146' arrival='8' remaining='10' budget='51464'/>
			<job value='2' ncpu='5' mem='970' arrival='11' remaining='10' budget='45928'/>
			<job value='3' ncpu='6' mem='653' arrival='19' remaining='10' budget='25040'/>
		</client>
		<client agent='AVOID_MIGRATION' name='c8'>
			<job value='4' ncpu='1' mem='1521' arrival='7' remaining='5' budget='5306'/>
			<job value='2' ncpu='8' mem='1173' arrival='9' remaining='5' budget='78526'/>
			<job value='4' ncpu='2' mem='1968' arrival='18' remaining='10' budget='91218'/>
		</client>
		<client agent='AVOID_MIGRATION' name='c9'>
			<job value='3' ncpu='9' mem='1431' arrival='9' remaining='10' budget='27112'/>
			<job value='2' ncpu='2' mem='1143' arrival='11' remaining='5' budget='49338'/>
			<job value='1' ncpu='1' mem='1845' arrival='19' remaining='10' budget='83027'/>
		</client>
	</clients>
</sim>

