<sim quantum='5' delta='5' noise='10' migration='1'>
	<providers>
		<provider state='on' market_status='free' agent='NO_INC' name='p0'>
			<resource ncpu='5' mem='1012'/>
			<resource ncpu='3' mem='1581'/>
			<resource ncpu='2' mem='1287'/>
			<resource ncpu='9' mem='1329'/>
			<resource ncpu='8' mem='540'/>
			<resource ncpu='6' mem='1579'/>
			<resource ncpu='2' mem='602'/>
			<resource ncpu='9' mem='958'/>
			<resource ncpu='9' mem='1258'/>
			<resource ncpu='7' mem='611'/>
		</provider>
		<provider state='on' market_status='free' agent='NO_INC' name='p1'>
			<resource ncpu='4' mem='916'/>
			<resource ncpu='8' mem='566'/>
			<resource ncpu='3' mem='1607'/>
			<resource ncpu='8' mem='995'/>
			<resource ncpu='4' mem='819'/>
			<resource ncpu='1' mem='1684'/>
			<resource ncpu='6' mem='1724'/>
			<resource ncpu='2' mem='1771'/>
			<resource ncpu='8' mem='1859'/>
			<resource ncpu='3' mem='1430'/>
		</provider>
		<provider state='on' market_status='free' agent='NO_INC' name='p2'>
			<resource ncpu='2' mem='686'/>
			<resource ncpu='5' mem='1884'/>
			<resource ncpu='10' mem='908'/>
			<resource ncpu='2' mem='1769'/>
			<resource ncpu='1' mem='1654'/>
			<resource ncpu='4' mem='805'/>
			<resource ncpu='2' mem='1362'/>
			<resource ncpu='2' mem='1642'/>
			<resource ncpu='2' mem='930'/>
			<resource ncpu='3' mem='1218'/>
		</provider>
		<provider state='on' market_status='free' agent='NO_INC' name='p3'>
			<resource ncpu='10' mem='1074'/>
			<resource ncpu='9' mem='1099'/>
			<resource ncpu='7' mem='1296'/>
			<resource ncpu='9' mem='1589'/>
			<resource ncpu='1' mem='2032'/>
			<resource ncpu='7' mem='1197'/>
			<resource ncpu='10' mem='1044'/>
			<resource ncpu='5' mem='932'/>
			<resource ncpu='4' mem='1301'/>
			<resource ncpu='7' mem='769'/>
		</provider>
		<provider state='on' market_status='free' agent='NO_INC' name='p4'>
			<resource ncpu='4' mem='1157'/>
			<resource ncpu='1' mem='1199'/>
			<resource ncpu='4' mem='1519'/>
			<resource ncpu='2' mem='1772'/>
			<resource ncpu='6' mem='980'/>
			<resource ncpu='6' mem='1901'/>
			<resource ncpu='9' mem='2016'/>
			<resource ncpu='3' mem='1104'/>
			<resource ncpu='2' mem='560'/>
			<resource ncpu='6' mem='2040'/>
		</provider>
		<provider state='on' market_status='free' agent='NO_INC' name='p5'>
			<resource ncpu='10' mem='1100'/>
			<resource ncpu='7' mem='1595'/>
			<resource ncpu='6' mem='630'/>
			<resource ncpu='2' mem='1573'/>
			<resource ncpu='8' mem='1666'/>
			<resource ncpu='6' mem='949'/>
			<resource ncpu='4' mem='1416'/>
			<resource ncpu='3' mem='1270'/>
			<resource ncpu='2' mem='1119'/>
			<resource ncpu='4' mem='1164'/>
		</provider>
		<provider state='on' market_status='free' agent='NO_INC' name='p6'>
			<resource ncpu='4' mem='1455'/>
			<resource ncpu='8' mem='1341'/>
			<resource ncpu='5' mem='796'/>
			<resource ncpu='10' mem='598'/>
			<resource ncpu='3' mem='1037'/>
			<resource ncpu='7' mem='722'/>
			<resource ncpu='10' mem='1007'/>
			<resource ncpu='2' mem='1149'/>
			<resource ncpu='10' mem='608'/>
			<resource ncpu='3' mem='1327'/>
		</provider>
		<provider state='on' market_status='free' agent='NO_INC' name='p7'>
			<resource ncpu='9' mem='1710'/>
			<resource ncpu='9' mem='1096'/>
			<resource ncpu='9' mem='776'/>
			<resource ncpu='9' mem='1450'/>
			<resource ncpu='2' mem='1389'/>
			<resource ncpu='6' mem='604'/>
			<resource ncpu='5' mem='1066'/>
			<resource ncpu='4' mem='918'/>
			<resource ncpu='5' mem='1559'/>
			<resource ncpu='6' mem='1823'/>
		</provider>
		<provider state='on' market_status='free' agent='NO_INC' name='p8'>
			<resource ncpu='2' mem='938'/>
			<resource ncpu='9' mem='986'/>
			<resource ncpu='6' mem='929'/>
			<resource ncpu='10' mem='1713'/>
			<resource ncpu='4' mem='1684'/>
			<resource ncpu='8' mem='1330'/>
			<resource ncpu='10' mem='712'/>
			<resource ncpu='8' mem='1109'/>
			<resource ncpu='10' mem='1906'/>
			<resource ncpu='10' mem='838'/>
		</provider>
		<provider state='on' market_status='free' agent='NO_INC' name='p9'>
			<resource ncpu='3' mem='1811'/>
			<resource ncpu='9' mem='1047'/>
			<resource ncpu='7' mem='1308'/>
			<resource ncpu='1' mem='1591'/>
			<resource ncpu='3' mem='1839'/>
			<resource ncpu='8' mem='1535'/>
			<resource ncpu='3' mem='1223'/>
			<resource ncpu='7' mem='669'/>
			<resource ncpu='5' mem='1511'/>
			<resource ncpu='8' mem='1267'/>
		</provider>
		<provider state='on' market_status='free' agent='NO_INC' name='p10'>
			<resource ncpu='10' mem='1417'/>
			<resource ncpu='7' mem='1435'/>
			<resource ncpu='7' mem='514'/>
			<resource ncpu='6' mem='1982'/>
			<resource ncpu='4' mem='804'/>
			<resource ncpu='8' mem='1286'/>
			<resource ncpu='9' mem='1379'/>
			<resource ncpu='4' mem='1481'/>
			<resource ncpu='5' mem='1013'/>
			<resource ncpu='10' mem='1886'/>
		</provider>
		<provider state='on' market_status='free' agent='NO_INC' name='p11'>
			<resource ncpu='4' mem='1303'/>
			<resource ncpu='10' mem='1651'/>
			<resource ncpu='2' mem='1519'/>
			<resource ncpu='7' mem='1780'/>
			<resource ncpu='1' mem='1694'/>
			<resource ncpu='8' mem='665'/>
			<resource ncpu='9' mem='1830'/>
			<resource ncpu='1' mem='514'/>
			<resource ncpu='3' mem='1985'/>
			<resource ncpu='1' mem='1081'/>
		</provider>
		<provider state='on' market_status='free' agent='NO_INC' name='p12'>
			<resource ncpu='1' mem='1561'/>
			<resource ncpu='9' mem='522'/>
			<resource ncpu='10' mem='1392'/>
			<resource ncpu='5' mem='1423'/>
			<resource ncpu='5' mem='1523'/>
			<resource ncpu='5' mem='2040'/>
			<resource ncpu='1' mem='1740'/>
			<resource ncpu='6' mem='1221'/>
			<resource ncpu='4' mem='1714'/>
			<resource ncpu='2' mem='1480'/>
		</provider>
		<provider state='on' market_status='free' agent='NO_INC' name='p13'>
			<resource ncpu='7' mem='1364'/>
			<resource ncpu='6' mem='913'/>
			<resource ncpu='9' mem='1054'/>
			<resource ncpu='10' mem='1534'/>
			<resource ncpu='3' mem='753'/>
			<resource ncpu='1' mem='810'/>
			<resource ncpu='6' mem='764'/>
			<resource ncpu='4' mem='1376'/>
			<resource ncpu='3' mem='961'/>
			<resource ncpu='4' mem='1629'/>
		</provider>
		<provider state='on' market_status='free' agent='NO_INC' name='p14'>
			<resource ncpu='6' mem='1485'/>
			<resource ncpu='4' mem='1142'/>
			<resource ncpu='5' mem='1178'/>
			<resource ncpu='10' mem='593'/>
			<resource ncpu='1' mem='1974'/>
			<resource ncpu='8' mem='1668'/>
			<resource ncpu='8' mem='1852'/>
			<resource ncpu='5' mem='1625'/>
			<resource ncpu='10' mem='682'/>
			<resource ncpu='1' mem='685'/>
		</provider>
		<provider state='on' market_status='free' agent='NO_INC' name='p15'>
			<resource ncpu='6' mem='1326'/>
			<resource ncpu='6' mem='590'/>
			<resource ncpu='3' mem='1787'/>
			<resource ncpu='3' mem='900'/>
			<resource ncpu='6' mem='1109'/>
			<resource ncpu='6' mem='1222'/>
			<resource ncpu='6' mem='1599'/>
			<resource ncpu='7' mem='1609'/>
			<resource ncpu='3' mem='1481'/>
			<resource ncpu='9' mem='1187'/>
		</provider>
		<provider state='on' market_status='free' agent='NO_INC' name='p16'>
			<resource ncpu='8' mem='559'/>
			<resource ncpu='2' mem='1274'/>
			<resource ncpu='10' mem='1019'/>
			<resource ncpu='8' mem='945'/>
			<resource ncpu='6' mem='904'/>
			<resource ncpu='8' mem='1060'/>
			<resource ncpu='4' mem='1385'/>
			<resource ncpu='3' mem='1884'/>
			<resource ncpu='8' mem='1602'/>
			<resource ncpu='7' mem='528'/>
		</provider>
		<provider state='on' market_status='free' agent='NO_INC' name='p17'>
			<resource ncpu='5' mem='1114'/>
			<resource ncpu='2' mem='2028'/>
			<resource ncpu='7' mem='1590'/>
			<resource ncpu='4' mem='1624'/>
			<resource ncpu='4' mem='1462'/>
			<resource ncpu='9' mem='703'/>
			<resource ncpu='7' mem='1010'/>
			<resource ncpu='5' mem='1619'/>
			<resource ncpu='8' mem='1182'/>
			<resource ncpu='5' mem='1529'/>
		</provider>
		<provider state='on' market_status='free' agent='NO_INC' name='p18'>
			<resource ncpu='2' mem='2009'/>
			<resource ncpu='3' mem='1686'/>
			<resource ncpu='9' mem='1786'/>
			<resource ncpu='7' mem='942'/>
			<resource ncpu='2' mem='1559'/>
			<resource ncpu='9' mem='1610'/>
			<resource ncpu='2' mem='977'/>
			<resource ncpu='2' mem='1659'/>
			<resource ncpu='1' mem='1373'/>
			<resource ncpu='8' mem='1046'/>
		</provider>
		<provider state='on' market_status='free' agent='NO_INC' name='p19'>
			<resource ncpu='10' mem='1191'/>
			<resource ncpu='8' mem='1627'/>
			<resource ncpu='8' mem='1211'/>
			<resource ncpu='4' mem='1731'/>
			<resource ncpu='7' mem='1343'/>
			<resource ncpu='2' mem='1828'/>
			<resource ncpu='8' mem='2031'/>
			<resource ncpu='5' mem='636'/>
			<resource ncpu='4' mem='727'/>
			<resource ncpu='6' mem='1761'/>
		</provider>
		<provider state='on' market_status='free' agent='NO_INC' name='p20'>
			<resource ncpu='7' mem='1175'/>
			<resource ncpu='2' mem='1691'/>
			<resource ncpu='4' mem='874'/>
			<resource ncpu='1' mem='1801'/>
			<resource ncpu='10' mem='2036'/>
			<resource ncpu='4' mem='1887'/>
			<resource ncpu='5' mem='1852'/>
			<resource ncpu='8' mem='1734'/>
			<resource ncpu='3' mem='568'/>
			<resource ncpu='5' mem='1436'/>
		</provider>
		<provider state='on' market_status='free' agent='NO_INC' name='p21'>
			<resource ncpu='4' mem='2034'/>
			<resource ncpu='1' mem='801'/>
			<resource ncpu='4' mem='1591'/>
			<resource ncpu='2' mem='1392'/>
			<resource ncpu='1' mem='1051'/>
			<resource ncpu='6' mem='658'/>
			<resource ncpu='5' mem='1998'/>
			<resource ncpu='9' mem='1711'/>
			<resource ncpu='4' mem='1226'/>
			<resource ncpu='3' mem='2034'/>
		</provider>
		<provider state='on' market_status='free' agent='NO_INC' name='p22'>
			<resource ncpu='4' mem='1243'/>
			<resource ncpu='7' mem='991'/>
			<resource ncpu='9' mem='700'/>
			<resource ncpu='6' mem='1297'/>
			<resource ncpu='2' mem='856'/>
			<resource ncpu='4' mem='1064'/>
			<resource ncpu='5' mem='1021'/>
			<resource ncpu='1' mem='1909'/>
			<resource ncpu='5' mem='1102'/>
			<resource ncpu='4' mem='838'/>
		</provider>
		<provider state='on' market_status='free' agent='NO_INC' name='p23'>
			<resource ncpu='4' mem='659'/>
			<resource ncpu='8' mem='560'/>
			<resource ncpu='8' mem='671'/>
			<resource ncpu='4' mem='1724'/>
			<resource ncpu='2' mem='986'/>
			<resource ncpu='3' mem='1375'/>
			<resource ncpu='6' mem='1144'/>
			<resource ncpu='3' mem='1523'/>
			<resource ncpu='2' mem='1130'/>
			<resource ncpu='9' mem='1778'/>
		</provider>
		<provider state='on' market_status='free' agent='NO_INC' name='p24'>
			<resource ncpu='6' mem='1831'/>
			<resource ncpu='2' mem='1784'/>
			<resource ncpu='10' mem='785'/>
			<resource ncpu='4' mem='1336'/>
			<resource ncpu='7' mem='592'/>
			<resource ncpu='1' mem='1941'/>
			<resource ncpu='10' mem='1139'/>
			<resource ncpu='5' mem='1970'/>
			<resource ncpu='5' mem='1734'/>
			<resource ncpu='9' mem='823'/>
		</provider>
		<provider state='on' market_status='free' agent='NO_INC' name='p25'>
			<resource ncpu='9' mem='727'/>
			<resource ncpu='1' mem='2006'/>
			<resource ncpu='4' mem='627'/>
			<resource ncpu='9' mem='1072'/>
			<resource ncpu='6' mem='1754'/>
			<resource ncpu='1' mem='1235'/>
			<resource ncpu='4' mem='1571'/>
			<resource ncpu='1' mem='764'/>
			<resource ncpu='3' mem='1790'/>
			<resource ncpu='2' mem='1076'/>
		</provider>
		<provider state='on' market_status='free' agent='NO_INC' name='p26'>
			<resource ncpu='10' mem='608'/>
			<resource ncpu='8' mem='837'/>
			<resource ncpu='4' mem='1069'/>
			<resource ncpu='2' mem='1431'/>
			<resource ncpu='2' mem='1213'/>
			<resource ncpu='5' mem='1125'/>
			<resource ncpu='7' mem='943'/>
			<resource ncpu='9' mem='1183'/>
			<resource ncpu='6' mem='1974'/>
			<resource ncpu='6' mem='673'/>
		</provider>
		<provider state='on' market_status='free' agent='NO_INC' name='p27'>
			<resource ncpu='1' mem='1704'/>
			<resource ncpu='5' mem='1501'/>
			<resource ncpu='10' mem='1671'/>
			<resource ncpu='9' mem='988'/>
			<resource ncpu='7' mem='1628'/>
			<resource ncpu='2' mem='1658'/>
			<resource ncpu='9' mem='1596'/>
			<resource ncpu='6' mem='798'/>
			<resource ncpu='5' mem='878'/>
			<resource ncpu='5' mem='621'/>
		</provider>
		<provider state='on' market_status='free' agent='NO_INC' name='p28'>
			<resource ncpu='8' mem='1176'/>
			<resource ncpu='4' mem='1327'/>
			<resource ncpu='5' mem='1726'/>
			<resource ncpu='5' mem='1775'/>
			<resource ncpu='9' mem='1816'/>
			<resource ncpu='1' mem='924'/>
			<resource ncpu='10' mem='1349'/>
			<resource ncpu='5' mem='1243'/>
			<resource ncpu='5' mem='1140'/>
			<resource ncpu='1' mem='1108'/>
		</provider>
		<provider state='on' market_status='free' agent='NO_INC' name='p29'>
			<resource ncpu='4' mem='1820'/>
			<resource ncpu='6' mem='1543'/>
			<resource ncpu='2' mem='839'/>
			<resource ncpu='6' mem='1118'/>
			<resource ncpu='10' mem='876'/>
			<resource ncpu='10' mem='1340'/>
			<resource ncpu='10' mem='1315'/>
			<resource ncpu='5' mem='1728'/>
			<resource ncpu='4' mem='2014'/>
			<resource ncpu='1' mem='1010'/>
		</provider>
		<provider state='on' market_status='free' agent='NO_INC' name='p30'>
			<resource ncpu='3' mem='1573'/>
			<resource ncpu='3' mem='941'/>
			<resource ncpu='9' mem='1064'/>
			<resource ncpu='10' mem='1867'/>
			<resource ncpu='2' mem='1470'/>
			<resource ncpu='5' mem='971'/>
			<resource ncpu='7' mem='2006'/>
			<resource ncpu='8' mem='1741'/>
			<resource ncpu='1' mem='1178'/>
			<resource ncpu='8' mem='922'/>
		</provider>
		<provider state='on' market_status='free' agent='NO_INC' name='p31'>
			<resource ncpu='1' mem='985'/>
			<resource ncpu='1' mem='1137'/>
			<resource ncpu='6' mem='702'/>
			<resource ncpu='7' mem='569'/>
			<resource ncpu='8' mem='1924'/>
			<resource ncpu='10' mem='1632'/>
			<resource ncpu='10' mem='1850'/>
			<resource ncpu='4' mem='1804'/>
			<resource ncpu='4' mem='1762'/>
			<resource ncpu='4' mem='1243'/>
		</provider>
		<provider state='on' market_status='free' agent='NO_INC' name='p32'>
			<resource ncpu='3' mem='1114'/>
			<resource ncpu='4' mem='1847'/>
			<resource ncpu='7' mem='1465'/>
			<resource ncpu='8' mem='735'/>
			<resource ncpu='7' mem='552'/>
			<resource ncpu='7' mem='1561'/>
			<resource ncpu='2' mem='681'/>
			<resource ncpu='5' mem='840'/>
			<resource ncpu='9' mem='902'/>
			<resource ncpu='2' mem='2022'/>
		</provider>
		<provider state='on' market_status='free' agent='NO_INC' name='p33'>
			<resource ncpu='6' mem='1000'/>
			<resource ncpu='3' mem='1710'/>
			<resource ncpu='4' mem='1403'/>
			<resource ncpu='7' mem='984'/>
			<resource ncpu='9' mem='1902'/>
			<resource ncpu='10' mem='789'/>
			<resource ncpu='4' mem='927'/>
			<resource ncpu='5' mem='905'/>
			<resource ncpu='7' mem='1524'/>
			<resource ncpu='1' mem='1320'/>
		</provider>
		<provider state='on' market_status='free' agent='NO_INC' name='p34'>
			<resource ncpu='6' mem='1062'/>
			<resource ncpu='2' mem='1304'/>
			<resource ncpu='6' mem='1500'/>
			<resource ncpu='9' mem='633'/>
			<resource ncpu='4' mem='1226'/>
			<resource ncpu='4' mem='1943'/>
			<resource ncpu='9' mem='1671'/>
			<resource ncpu='7' mem='1537'/>
			<resource ncpu='5' mem='654'/>
			<resource ncpu='7' mem='1053'/>
		</provider>
		<provider state='on' market_status='free' agent='NO_INC' name='p35'>
			<resource ncpu='7' mem='1131'/>
			<resource ncpu='4' mem='1270'/>
			<resource ncpu='7' mem='1600'/>
			<resource ncpu='7' mem='623'/>
			<resource ncpu='4' mem='967'/>
			<resource ncpu='1' mem='649'/>
			<resource ncpu='8' mem='724'/>
			<resource ncpu='5' mem='1902'/>
			<resource ncpu='1' mem='1309'/>
			<resource ncpu='4' mem='1654'/>
		</provider>
		<provider state='on' market_status='free' agent='NO_INC' name='p36'>
			<resource ncpu='2' mem='1623'/>
			<resource ncpu='2' mem='1468'/>
			<resource ncpu='6' mem='1514'/>
			<resource ncpu='10' mem='799'/>
			<resource ncpu='7' mem='1542'/>
			<resource ncpu='6' mem='1502'/>
			<resource ncpu='2' mem='1414'/>
			<resource ncpu='1' mem='1108'/>
			<resource ncpu='2' mem='1060'/>
			<resource ncpu='10' mem='1146'/>
		</provider>
		<provider state='on' market_status='free' agent='NO_INC' name='p37'>
			<resource ncpu='6' mem='1012'/>
			<resource ncpu='4' mem='701'/>
			<resource ncpu='3' mem='1795'/>
			<resource ncpu='4' mem='977'/>
			<resource ncpu='3' mem='659'/>
			<resource ncpu='3' mem='1909'/>
			<resource ncpu='4' mem='988'/>
			<resource ncpu='7' mem='2007'/>
			<resource ncpu='2' mem='1223'/>
			<resource ncpu='7' mem='820'/>
		</provider>
		<provider state='on' market_status='free' agent='NO_INC' name='p38'>
			<resource ncpu='4' mem='892'/>
			<resource ncpu='8' mem='1858'/>
			<resource ncpu='2' mem='2019'/>
			<resource ncpu='7' mem='1900'/>
			<resource ncpu='9' mem='995'/>
			<resource ncpu='7' mem='1535'/>
			<resource ncpu='2' mem='1291'/>
			<resource ncpu='6' mem='1768'/>
			<resource ncpu='8' mem='1614'/>
			<resource ncpu='10' mem='2032'/>
		</provider>
		<provider state='on' market_status='free' agent='NO_INC' name='p39'>
			<resource ncpu='3' mem='1786'/>
			<resource ncpu='9' mem='1909'/>
			<resource ncpu='7' mem='1256'/>
			<resource ncpu='6' mem='833'/>
			<resource ncpu='6' mem='1354'/>
			<resource ncpu='5' mem='1269'/>
			<resource ncpu='4' mem='1575'/>
			<resource ncpu='1' mem='724'/>
			<resource ncpu='3' mem='780'/>
			<resource ncpu='9' mem='1362'/>
		</provider>
		<provider state='on' market_status='free' agent='NO_INC' name='p40'>
			<resource ncpu='8' mem='1667'/>
			<resource ncpu='3' mem='1404'/>
			<resource ncpu='1' mem='628'/>
			<resource ncpu='2' mem='1412'/>
			<resource ncpu='5' mem='1859'/>
			<resource ncpu='6' mem='1862'/>
			<resource ncpu='10' mem='549'/>
			<resource ncpu='7' mem='1225'/>
			<resource ncpu='3' mem='664'/>
			<resource ncpu='3' mem='1236'/>
		</provider>
		<provider state='on' market_status='free' agent='NO_INC' name='p41'>
			<resource ncpu='3' mem='1268'/>
			<resource ncpu='4' mem='1079'/>
			<resource ncpu='10' mem='1953'/>
			<resource ncpu='4' mem='936'/>
			<resource ncpu='3' mem='1368'/>
			<resource ncpu='8' mem='1158'/>
			<resource ncpu='2' mem='873'/>
			<resource ncpu='4' mem='1731'/>
			<resource ncpu='7' mem='1393'/>
			<resource ncpu='3' mem='1420'/>
		</provider>
		<provider state='on' market_status='free' agent='NO_INC' name='p42'>
			<resource ncpu='2' mem='1337'/>
			<resource ncpu='8' mem='695'/>
			<resource ncpu='2' mem='1502'/>
			<resource ncpu='9' mem='1012'/>
			<resource ncpu='1' mem='1502'/>
			<resource ncpu='3' mem='1733'/>
			<resource ncpu='1' mem='1459'/>
			<resource ncpu='5' mem='1418'/>
			<resource ncpu='3' mem='1424'/>
			<resource ncpu='3' mem='2044'/>
		</provider>
		<provider state='on' market_status='free' agent='NO_INC' name='p43'>
			<resource ncpu='5' mem='1492'/>
			<resource ncpu='4' mem='2031'/>
			<resource ncpu='3' mem='862'/>
			<resource ncpu='5' mem='1338'/>
			<resource ncpu='3' mem='1255'/>
			<resource ncpu='5' mem='1855'/>
			<resource ncpu='9' mem='973'/>
			<resource ncpu='4' mem='746'/>
			<resource ncpu='6' mem='825'/>
			<resource ncpu='4' mem='997'/>
		</provider>
		<provider state='on' market_status='free' agent='NO_INC' name='p44'>
			<resource ncpu='1' mem='1626'/>
			<resource ncpu='6' mem='940'/>
			<resource ncpu='7' mem='1291'/>
			<resource ncpu='9' mem='929'/>
			<resource ncpu='5' mem='654'/>
			<resource ncpu='7' mem='1290'/>
			<resource ncpu='7' mem='629'/>
			<resource ncpu='9' mem='600'/>
			<resource ncpu='1' mem='823'/>
			<resource ncpu='9' mem='1876'/>
		</provider>
		<provider state='on' market_status='free' agent='NO_INC' name='p45'>
			<resource ncpu='4' mem='1732'/>
			<resource ncpu='6' mem='1534'/>
			<resource ncpu='4' mem='1598'/>
			<resource ncpu='8' mem='1865'/>
			<resource ncpu='10' mem='1142'/>
			<resource ncpu='1' mem='1071'/>
			<resource ncpu='3' mem='1868'/>
			<resource ncpu='10' mem='944'/>
			<resource ncpu='4' mem='1183'/>
			<resource ncpu='9' mem='1949'/>
		</provider>
		<provider state='on' market_status='free' agent='NO_INC' name='p46'>
			<resource ncpu='9' mem='1602'/>
			<resource ncpu='7' mem='951'/>
			<resource ncpu='10' mem='1873'/>
			<resource ncpu='2' mem='1154'/>
			<resource ncpu='5' mem='908'/>
			<resource ncpu='10' mem='1908'/>
			<resource ncpu='8' mem='533'/>
			<resource ncpu='7' mem='1837'/>
			<resource ncpu='1' mem='773'/>
			<resource ncpu='7' mem='1475'/>
		</provider>
		<provider state='on' market_status='free' agent='NO_INC' name='p47'>
			<resource ncpu='8' mem='1110'/>
			<resource ncpu='7' mem='1209'/>
			<resource ncpu='7' mem='571'/>
			<resource ncpu='4' mem='1506'/>
			<resource ncpu='6' mem='1915'/>
			<resource ncpu='8' mem='1446'/>
			<resource ncpu='3' mem='1428'/>
			<resource ncpu='10' mem='697'/>
			<resource ncpu='9' mem='2035'/>
			<resource ncpu='6' mem='1301'/>
		</provider>
		<provider state='on' market_status='free' agent='NO_INC' name='p48'>
			<resource ncpu='5' mem='852'/>
			<resource ncpu='7' mem='1442'/>
			<resource ncpu='3' mem='1731'/>
			<resource ncpu='2' mem='1926'/>
			<resource ncpu='9' mem='979'/>
			<resource ncpu='9' mem='1898'/>
			<resource ncpu='5' mem='1579'/>
			<resource ncpu='1' mem='1666'/>
			<resource ncpu='8' mem='1001'/>
			<resource ncpu='6' mem='1564'/>
		</provider>
		<provider state='on' market_status='free' agent='NO_INC' name='p49'>
			<resource ncpu='5' mem='1288'/>
			<resource ncpu='8' mem='1885'/>
			<resource ncpu='2' mem='1364'/>
			<resource ncpu='1' mem='523'/>
			<resource ncpu='3' mem='1718'/>
			<resource ncpu='10' mem='1469'/>
			<resource ncpu='6' mem='1535'/>
			<resource ncpu='7' mem='1666'/>
			<resource ncpu='10' mem='1200'/>
			<resource ncpu='2' mem='976'/>
		</provider>
	</providers>

	<clients>
		<client agent='AVOID_MIGRATION' name='c0'>
			<job value='3' ncpu='4' mem='1580' arrival='6' remaining='10' budget='21806'/>
			<job value='5' ncpu='10' mem='634' arrival='9' remaining='5' budget='96181'/>
			<job value='5' ncpu='7' mem='796' arrival='16' remaining='10' budget='99795'/>
			<job value='5' ncpu='8' mem='2012' arrival='19' remaining='10' budget='53302'/>
			<job value='1' ncpu='10' mem='801' arrival='28' remaining='5' budget='9452'/>
			<job value='5' ncpu='8' mem='877' arrival='33' remaining='5' budget='63079'/>
			<job value='4' ncpu='1' mem='686' arrival='40' remaining='5' budget='66286'/>
			<job value='1' ncpu='5' mem='1191' arrival='46' remaining='5' budget='69068'/>
			<job value='5' ncpu='9' mem='519' arrival='49' remaining='10' budget='11029'/>
			<job value='3' ncpu='8' mem='1566' arrival='56' remaining='10' budget='60323'/>
			<job value='3' ncpu='10' mem='1331' arrival='63' remaining='5' budget='93147'/>
			<job value='3' ncpu='6' mem='745' arrival='72' remaining='5' budget='67312'/>
			<job value='3' ncpu='9' mem='1224' arrival='80' remaining='10' budget='67184'/>
			<job value='2' ncpu='6' mem='1754' arrival='89' remaining='5' budget='3029'/>
			<job value='5' ncpu='10' mem='861' arrival='94' remaining='5' budget='90580'/>
		</client>
		<client agent='AVOID_MIGRATION' name='c1'>
			<job value='4' ncpu='8' mem='1423' arrival='11' remaining='10' budget='57125'/>
			<job value='2' ncpu='5' mem='800' arrival='15' remaining='5' budget='2001'/>
			<job value='4' ncpu='1' mem='1724' arrival='17' remaining='5' budget='1578'/>
			<job value='1' ncpu='7' mem='1889' arrival='26' remaining='10' budget='18321'/>
			<job value='2' ncpu='8' mem='1586' arrival='36' remaining='5' budget='762'/>
			<job value='3' ncpu='4' mem='1621' arrival='46' remaining='10' budget='23534'/>
			<job value='2' ncpu='10' mem='1994' arrival='56' remaining='10' budget='16027'/>
			<job value='4' ncpu='1' mem='1604' arrival='58' remaining='10' budget='7662'/>
			<job value='4' ncpu='3' mem='994' arrival='60' remaining='5' budget='42571'/>
			<job value='3' ncpu='4' mem='773' arrival='66' remaining='10' budget='43385'/>
			<job value='2' ncpu='5' mem='536' arrival='76' remaining='10' budget='10888'/>
			<job value='1' ncpu='9' mem='1694' arrival='84' remaining='10' budget='1162'/>
			<job value='3' ncpu='1' mem='748' arrival='93' remaining='5' budget='8347'/>
			<job value='5' ncpu='6' mem='1077' arrival='94' remaining='5' budget='57166'/>
			<job value='3' ncpu='8' mem='1894' arrival='104' remaining='10' budget='69695'/>
		</client>
		<client agent='AVOID_MIGRATION' name='c2'>
			<job value='3' ncpu='3' mem='592' arrival='5' remaining='5' budget='84831'/>
			<job value='5' ncpu='10' mem='1979' arrival='10' remaining='5' budget='24627'/>
			<job value='5' ncpu='10' mem='1798' arrival='12' remaining='10' budget='39145'/>
			<job value='1' ncpu='9' mem='1796' arrival='15' remaining='10' budget='45578'/>
			<job value='4' ncpu='1' mem='922' arrival='19' remaining='10' budget='99214'/>
			<job value='2' ncpu='3' mem='1326' arrival='26' remaining='10' budget='88395'/>
			<job value='2' ncpu='10' mem='1993' arrival='29' remaining='10' budget='38710'/>
			<job value='4' ncpu='9' mem='841' arrival='36' remaining='10' budget='6757'/>
			<job value='3' ncpu='5' mem='1736' arrival='45' remaining='10' budget='5163'/>
			<job value='5' ncpu='3' mem='1881' arrival='54' remaining='5' budget='5109'/>
			<job value='2' ncpu='3' mem='2019' arrival='57' remaining='5' budget='40342'/>
			<job value='4' ncpu='7' mem='1744' arrival='60' remaining='10' budget='14795'/>
			<job value='4' ncpu='3' mem='1254' arrival='64' remaining='10' budget='95255'/>
			<job value='1' ncpu='7' mem='520' arrival='65' remaining='5' budget='92648'/>
			<job value='5' ncpu='8' mem='892' arrival='73' remaining='10' budget='45340'/>
		</client>
		<client agent='AVOID_MIGRATION' name='c3'>
			<job value='4' ncpu='10' mem='750' arrival='6' remaining='5' budget='18186'/>
			<job value='4' ncpu='9' mem='1423' arrival='11' remaining='10' budget='63973'/>
			<job value='4' ncpu='3' mem='1852' arrival='15' remaining='10' budget='99904'/>
			<job value='3' ncpu='7' mem='1199' arrival='16' remaining='10' budget='64258'/>
			<job value='1' ncpu='6' mem='597' arrival='21' remaining='5' budget='2772'/>
			<job value='2' ncpu='7' mem='983' arrival='28' remaining='5' budget='68558'/>
			<job value='3' ncpu='6' mem='1277' arrival='34' remaining='5' budget='11722'/>
			<job value='5' ncpu='6' mem='1086' arrival='40' remaining='5' budget='89092'/>
			<job value='3' ncpu='3' mem='1316' arrival='48' remaining='5' budget='38015'/>
			<job value='5' ncpu='10' mem='865' arrival='56' remaining='10' budget='90169'/>
			<job value='3' ncpu='9' mem='656' arrival='57' remaining='5' budget='73133'/>
			<job value='3' ncpu='3' mem='824' arrival='62' remaining='5' budget='70707'/>
			<job value='5' ncpu='5' mem='600' arrival='70' remaining='10' budget='7064'/>
			<job value='1' ncpu='8' mem='845' arrival='71' remaining='5' budget='37890'/>
			<job value='2' ncpu='6' mem='1987' arrival='75' remaining='10' budget='84161'/>
		</client>
		<client agent='AVOID_MIGRATION' name='c4'>
			<job value='1' ncpu='2' mem='664' arrival='5' remaining='10' budget='40078'/>
			<job value='3' ncpu='3' mem='788' arrival='14' remaining='5' budget='56476'/>
			<job value='3' ncpu='4' mem='692' arrival='16' remaining='10' budget='13720'/>
			<job value='3' ncpu='5' mem='675' arrival='25' remaining='10' budget='73563'/>
			<job value='3' ncpu='1' mem='1364' arrival='35' remaining='10' budget='85309'/>
			<job value='1' ncpu='4' mem='1933' arrival='39' remaining='10' budget='89926'/>
			<job value='5' ncpu='9' mem='545' arrival='45' remaining='5' budget='60839'/>
			<job value='5' ncpu='9' mem='1808' arrival='55' remaining='5' budget='57044'/>
			<job value='5' ncpu='9' mem='1067' arrival='57' remaining='10' budget='66153'/>
			<job value='4' ncpu='3' mem='702' arrival='61' remaining='5' budget='45253'/>
			<job value='1' ncpu='7' mem='1826' arrival='67' remaining='10' budget='90021'/>
			<job value='2' ncpu='1' mem='659' arrival='71' remaining='10' budget='71745'/>
			<job value='3' ncpu='7' mem='701' arrival='76' remaining='10' budget='53885'/>
			<job value='4' ncpu='3' mem='774' arrival='78' remaining='5' budget='18871'/>
			<job value='2' ncpu='9' mem='1468' arrival='81' remaining='5' budget='11571'/>
		</client>
		<client agent='AVOID_MIGRATION' name='c5'>
			<job value='4' ncpu='9' mem='1088' arrival='11' remaining='10' budget='64093'/>
			<job value='3' ncpu='1' mem='1439' arrival='12' remaining='10' budget='29878'/>
			<job value='1' ncpu='4' mem='536' arrival='17' remaining='5' budget='40548'/>
			<job value='5' ncpu='5' mem='880' arrival='24' remaining='10' budget='5084'/>
			<job value='5' ncpu='6' mem='1618' arrival='27' remaining='5' budget='72915'/>
			<job value='4' ncpu='10' mem='1775' arrival='31' remaining='10' budget='68197'/>
			<job value='2' ncpu='6' mem='1054' arrival='38' remaining='5' budget='42348'/>
			<job value='4' ncpu='7' mem='1156' arrival='47' remaining='5' budget='40178'/>
			<job value='4' ncpu='8' mem='534' arrival='54' remaining='5' budget='76729'/>
			<job value='5' ncpu='5' mem='1515' arrival='57' remaining='10' budget='73316'/>
			<job value='2' ncpu='10' mem='1169' arrival='65' remaining='5' budget='21535'/>
			<job value='2' ncpu='8' mem='2044' arrival='69' remaining='10' budget='92577'/>
			<job value='5' ncpu='2' mem='771' arrival='70' remaining='10' budget='47214'/>
			<job value='5' ncpu='7' mem='1303' arrival='72' remaining='5' budget='48261'/>
			<job value='5' ncpu='2' mem='1040' arrival='76' remaining='5' budget='17599'/>
		</client>
		<client agent='AVOID_MIGRATION' name='c6'>
			<job value='1' ncpu='5' mem='1472' arrival='7' remaining='5' budget='86735'/>
			<job value='2' ncpu='10' mem='1916' arrival='13' remaining='10' budget='95065'/>
			<job value='2' ncpu='2' mem='1708' arrival='14' remaining='10' budget='11643'/>
			<job value='1' ncpu='1' mem='985' arrival='21' remaining='10' budget='52914'/>
			<job value='2' ncpu='7' mem='1446' arrival='31' remaining='10' budget='92638'/>
			<job value='4' ncpu='5' mem='1360' arrival='38' remaining='5' budget='81557'/>
			<job value='3' ncpu='3' mem='1055' arrival='44' remaining='5' budget='29333'/>
			<job value='2' ncpu='4' mem='1492' arrival='51' remaining='10' budget='72160'/>
			<job value='2' ncpu='8' mem='1013' arrival='55' remaining='10' budget='841'/>
			<job value='5' ncpu='4' mem='1072' arrival='60' remaining='5' budget='55888'/>
			<job value='2' ncpu='4' mem='664' arrival='61' remaining='5' budget='81543'/>
			<job value='5' ncpu='9' mem='1308' arrival='67' remaining='10' budget='1067'/>
			<job value='2' ncpu='2' mem='627' arrival='73' remaining='10' budget='7721'/>
			<job value='1' ncpu='5' mem='1144' arrival='76' remaining='10' budget='90813'/>
			<job value='2' ncpu='8' mem='1851' arrival='83' remaining='10' budget='83548'/>
		</client>
		<client agent='AVOID_MIGRATION' name='c7'>
			<job value='4' ncpu='5' mem='1955' arrival='11' remaining='10' budget='10424'/>
			<job value='2' ncpu='9' mem='904' arrival='18' remaining='5' budget='98435'/>
			<job value='2' ncpu='7' mem='1916' arrival='27' remaining='10' budget='44903'/>
			<job value='5' ncpu='1' mem='813' arrival='37' remaining='10' budget='94222'/>
			<job value='3' ncpu='10' mem='567' arrival='38' remaining='5' budget='61676'/>
			<job value='2' ncpu='2' mem='2045' arrival='46' remaining='10' budget='33750'/>
			<job value='3' ncpu='5' mem='1598' arrival='52' remaining='5' budget='96738'/>
			<job value='1' ncpu='8' mem='971' arrival='59' remaining='10' budget='6502'/>
			<job value='4' ncpu='1' mem='1366' arrival='61' remaining='5' budget='64209'/>
			<job value='1' ncpu='9' mem='1976' arrival='69' remaining='10' budget='56037'/>
			<job value='5' ncpu='8' mem='856' arrival='75' remaining='10' budget='68926'/>
			<job value='4' ncpu='1' mem='1212' arrival='79' remaining='5' budget='94830'/>
			<job value='1' ncpu='10' mem='1866' arrival='81' remaining='5' budget='19347'/>
			<job value='1' ncpu='1' mem='877' arrival='82' remaining='10' budget='58292'/>
			<job value='1' ncpu='8' mem='677' arrival='83' remaining='5' budget='46638'/>
		</client>
		<client agent='AVOID_MIGRATION' name='c8'>
			<job value='5' ncpu='6' mem='1393' arrival='6' remaining='5' budget='69031'/>
			<job value='5' ncpu='5' mem='1472' arrival='13' remaining='5' budget='21114'/>
			<job value='1' ncpu='2' mem='1302' arrival='20' remaining='10' budget='11551'/>
			<job value='1' ncpu='5' mem='1960' arrival='21' remaining='5' budget='34751'/>
			<job value='2' ncpu='6' mem='856' arrival='28' remaining='5' budget='67376'/>
			<job value='5' ncpu='2' mem='1409' arrival='36' remaining='5' budget='3435'/>
			<job value='4' ncpu='2' mem='1985' arrival='38' remaining='10' budget='28133'/>
			<job value='5' ncpu='1' mem='1206' arrival='39' remaining='5' budget='41313'/>
			<job value='2' ncpu='7' mem='1362' arrival='42' remaining='10' budget='76839'/>
			<job value='3' ncpu='9' mem='1478' arrival='46' remaining='5' budget='2764'/>
			<job value='3' ncpu='9' mem='1053' arrival='50' remaining='10' budget='29714'/>
			<job value='5' ncpu='1' mem='538' arrival='55' remaining='5' budget='72226'/>
			<job value='3' ncpu='7' mem='1103' arrival='57' remaining='10' budget='2501'/>
			<job value='1' ncpu='3' mem='2024' arrival='64' remaining='10' budget='6881'/>
			<job value='5' ncpu='8' mem='1897' arrival='69' remaining='5' budget='85679'/>
		</client>
		<client agent='AVOID_MIGRATION' name='c9'>
			<job value='2' ncpu='8' mem='759' arrival='3' remaining='10' budget='68313'/>
			<job value='1' ncpu='1' mem='1698' arrival='10' remaining='5' budget='4821'/>
			<job value='3' ncpu='1' mem='1291' arrival='14' remaining='5' budget='96995'/>
			<job value='1' ncpu='4' mem='1833' arrival='15' remaining='5' budget='59592'/>
			<job value='1' ncpu='6' mem='768' arrival='24' remaining='10' budget='55905'/>
			<job value='3' ncpu='4' mem='2031' arrival='31' remaining='5' budget='88598'/>
			<job value='2' ncpu='6' mem='1430' arrival='33' remaining='5' budget='4188'/>
			<job value='1' ncpu='4' mem='828' arrival='41' remaining='10' budget='22737'/>
			<job value='2' ncpu='8' mem='1758' arrival='43' remaining='5' budget='88092'/>
			<job value='2' ncpu='5' mem='1557' arrival='53' remaining='5' budget='62479'/>
			<job value='5' ncpu='8' mem='1252' arrival='56' remaining='5' budget='21868'/>
			<job value='3' ncpu='6' mem='1905' arrival='59' remaining='5' budget='13474'/>
			<job value='2' ncpu='2' mem='1136' arrival='62' remaining='10' budget='77812'/>
			<job value='1' ncpu='8' mem='1901' arrival='66' remaining='5' budget='72739'/>
			<job value='4' ncpu='7' mem='1760' arrival='67' remaining='10' budget='54332'/>
		</client>
	</clients>
</sim>

