<sim quantum='5' delta='5' noise='10' migration='1' bid_window='15'>
	<providers>
		<provider state='on' market_status='free' agent='NO_INC' name='p0'>
			<resource ncpu='13' mem='3851'/>
			<resource ncpu='18' mem='3900'/>
			<resource ncpu='17' mem='3223'/>
		</provider>
		<provider state='on' market_status='free' agent='NO_INC' name='p1'>
			<resource ncpu='13' mem='3393'/>
			<resource ncpu='11' mem='3114'/>
			<resource ncpu='18' mem='3790'/>
		</provider>
		<provider state='on' market_status='free' agent='NO_INC' name='p2'>
			<resource ncpu='13' mem='3186'/>
			<resource ncpu='12' mem='3979'/>
			<resource ncpu='20' mem='2736'/>
		</provider>
		<provider state='on' market_status='free' agent='NO_INC' name='p3'>
			<resource ncpu='20' mem='3556'/>
			<resource ncpu='18' mem='3483'/>
			<resource ncpu='16' mem='3304'/>
		</provider>
		<provider state='on' market_status='free' agent='NO_INC' name='p4'>
			<resource ncpu='14' mem='2853'/>
			<resource ncpu='19' mem='3429'/>
			<resource ncpu='15' mem='2977'/>
		</provider>
	</providers>

	<clients>
		<client agent='AVOID_MIGRATION' name='c0'>
			<job value='11' ncpu='5' mem='720' arrival='2' remaining='30' budget='96623'/>
			<job value='7' ncpu='5' mem='1254' arrival='10' remaining='35' budget='10228'/>
			<job value='1' ncpu='1' mem='578' arrival='12' remaining='45' budget='39648'/>
			<job value='7' ncpu='3' mem='888' arrival='22' remaining='30' budget='47472'/>
			<job value='13' ncpu='4' mem='1926' arrival='29' remaining='30' budget='54431'/>
			<job value='0' ncpu='3' mem='1543' arrival='30' remaining='45' budget='73029'/>
			<job value='3' ncpu='10' mem='1035' arrival='33' remaining='35' budget='60203'/>
			<job value='10' ncpu='4' mem='1616' arrival='40' remaining='40' budget='98869'/>
			<job value='3' ncpu='2' mem='1496' arrival='50' remaining='50' budget='11288'/>
			<job value='7' ncpu='10' mem='1072' arrival='59' remaining='40' budget='15198'/>
			<job value='3' ncpu='7' mem='1454' arrival='66' remaining='40' budget='47018'/>
			<job value='11' ncpu='6' mem='1851' arrival='72' remaining='50' budget='18604'/>
			<job value='15' ncpu='2' mem='1873' arrival='77' remaining='30' budget='35028'/>
			<job value='11' ncpu='10' mem='1128' arrival='85' remaining='50' budget='98728'/>
		</client>
		<client agent='AVOID_MIGRATION' name='c1'>
			<job value='0' ncpu='5' mem='767' arrival='3' remaining='50' budget='46552'/>
			<job value='8' ncpu='8' mem='1394' arrival='8' remaining='30' budget='41240'/>
			<job value='11' ncpu='7' mem='1215' arrival='12' remaining='35' budget='76330'/>
			<job value='8' ncpu='6' mem='1406' arrival='18' remaining='45' budget='15931'/>
			<job value='8' ncpu='7' mem='1364' arrival='25' remaining='45' budget='73363'/>
			<job value='4' ncpu='8' mem='858' arrival='29' remaining='45' budget='99381'/>
			<job value='3' ncpu='6' mem='1469' arrival='35' remaining='40' budget='24845'/>
			<job value='10' ncpu='2' mem='558' arrival='40' remaining='45' budget='59567'/>
			<job value='13' ncpu='5' mem='1448' arrival='43' remaining='40' budget='15724'/>
			<job value='3' ncpu='4' mem='737' arrival='49' remaining='50' budget='16020'/>
			<job value='2' ncpu='3' mem='1641' arrival='56' remaining='35' budget='93693'/>
			<job value='1' ncpu='6' mem='1625' arrival='62' remaining='35' budget='56639'/>
			<job value='10' ncpu='5' mem='645' arrival='71' remaining='45' budget='32066'/>
			<job value='13' ncpu='5' mem='871' arrival='81' remaining='30' budget='66734'/>
		</client>
		<client agent='AVOID_MIGRATION' name='c2'>
			<job value='1' ncpu='7' mem='1239' arrival='2' remaining='30' budget='46201'/>
			<job value='2' ncpu='6' mem='1204' arrival='9' remaining='50' budget='45673'/>
			<job value='10' ncpu='5' mem='1792' arrival='19' remaining='40' budget='65137'/>
			<job value='3' ncpu='5' mem='1825' arrival='29' remaining='30' budget='72271'/>
			<job value='1' ncpu='10' mem='1357' arrival='36' remaining='35' budget='41850'/>
			<job value='13' ncpu='6' mem='1255' arrival='38' remaining='35' budget='36677'/>
			<job value='8' ncpu='6' mem='1883' arrival='45' remaining='30' budget='40871'/>
			<job value='8' ncpu='9' mem='1161' arrival='46' remaining='30' budget='70043'/>
			<job value='5' ncpu='6' mem='1187' arrival='49' remaining='30' budget='53456'/>
			<job value='9' ncpu='7' mem='1445' arrival='55' remaining='40' budget='31016'/>
			<job value='0' ncpu='9' mem='1030' arrival='62' remaining='45' budget='78082'/>
			<job value='11' ncpu='2' mem='1192' arrival='70' remaining='40' budget='40813'/>
			<job value='11' ncpu='7' mem='1115' arrival='74' remaining='40' budget='58544'/>
			<job value='3' ncpu='4' mem='1285' arrival='78' remaining='35' budget='61211'/>
		</client>
		<client agent='AVOID_MIGRATION' name='c3'>
			<job value='13' ncpu='3' mem='1573' arrival='9' remaining='40' budget='80259'/>
			<job value='9' ncpu='3' mem='1083' arrival='15' remaining='35' budget='67376'/>
			<job value='12' ncpu='7' mem='1845' arrival='19' remaining='50' budget='38088'/>
			<job value='12' ncpu='6' mem='698' arrival='27' remaining='45' budget='37481'/>
			<job value='13' ncpu='1' mem='1846' arrival='29' remaining='40' budget='70909'/>
			<job value='14' ncpu='9' mem='1130' arrival='38' remaining='50' budget='24149'/>
			<job value='1' ncpu='2' mem='1283' arrival='41' remaining='45' budget='13737'/>
			<job value='8' ncpu='2' mem='788' arrival='43' remaining='50' budget='28720'/>
			<job value='3' ncpu='8' mem='888' arrival='51' remaining='35' budget='71721'/>
			<job value='11' ncpu='5' mem='1127' arrival='57' remaining='45' budget='73462'/>
			<job value='12' ncpu='10' mem='605' arrival='67' remaining='40' budget='72790'/>
			<job value='12' ncpu='5' mem='930' arrival='74' remaining='35' budget='37036'/>
			<job value='4' ncpu='7' mem='1461' arrival='80' remaining='45' budget='67384'/>
			<job value='3' ncpu='2' mem='1004' arrival='90' remaining='40' budget='17279'/>
		</client>
		<client agent='AVOID_MIGRATION' name='c4'>
			<job value='12' ncpu='8' mem='988' arrival='5' remaining='40' budget='93222'/>
			<job value='8' ncpu='9' mem='648' arrival='8' remaining='40' budget='13739'/>
			<job value='4' ncpu='5' mem='1258' arrival='10' remaining='30' budget='19061'/>
			<job value='9' ncpu='6' mem='533' arrival='14' remaining='45' budget='37366'/>
			<job value='0' ncpu='8' mem='1017' arrival='20' remaining='35' budget='49312'/>
			<job value='1' ncpu='5' mem='1910' arrival='28' remaining='45' budget='11439'/>
			<job value='1' ncpu='10' mem='1999' arrival='32' remaining='45' budget='52028'/>
			<job value='2' ncpu='10' mem='918' arrival='36' remaining='30' budget='33760'/>
			<job value='15' ncpu='3' mem='1218' arrival='43' remaining='50' budget='85651'/>
			<job value='1' ncpu='10' mem='614' arrival='49' remaining='45' budget='71582'/>
			<job value='9' ncpu='10' mem='760' arrival='52' remaining='45' budget='41280'/>
			<job value='8' ncpu='5' mem='1334' arrival='53' remaining='45' budget='28484'/>
			<job value='14' ncpu='9' mem='1748' arrival='57' remaining='30' budget='80610'/>
			<job value='9' ncpu='2' mem='1594' arrival='60' remaining='50' budget='24045'/>
		</client>
		<client agent='AVOID_MIGRATION' name='c5'>
			<job value='4' ncpu='8' mem='1744' arrival='3' remaining='30' budget='35248'/>
			<job value='7' ncpu='6' mem='2031' arrival='10' remaining='40' budget='46501'/>
			<job value='13' ncpu='4' mem='1374' arrival='12' remaining='45' budget='38479'/>
			<job value='8' ncpu='4' mem='1880' arrival='19' remaining='40' budget='56122'/>
			<job value='6' ncpu='8' mem='555' arrival='24' remaining='40' budget='55082'/>
			<job value='15' ncpu='10' mem='1365' arrival='25' remaining='50' budget='66551'/>
			<job value='11' ncpu='8' mem='1734' arrival='26' remaining='35' budget='76244'/>
			<job value='7' ncpu='1' mem='1191' arrival='34' remaining='45' budget='68733'/>
			<job value='6' ncpu='5' mem='1283' arrival='40' remaining='40' budget='49216'/>
			<job value='11' ncpu='7' mem='1481' arrival='44' remaining='40' budget='66988'/>
			<job value='0' ncpu='3' mem='650' arrival='53' remaining='50' budget='36441'/>
			<job value='9' ncpu='2' mem='1705' arrival='56' remaining='45' budget='72651'/>
			<job value='15' ncpu='3' mem='1312' arrival='66' remaining='40' budget='56788'/>
			<job value='14' ncpu='2' mem='1835' arrival='76' remaining='45' budget='26578'/>
		</client>
	</clients>
</sim>

