<sim quantum='5' delta='5' noise='10'>
	<providers>
		<provider state='on' market_status='free' agent='NONE' name='p0'>
			<resource ncpu='6' mem='615'/>
			<resource ncpu='9' mem='1700'/>
			<resource ncpu='1' mem='549'/>
		</provider>
		<provider state='on' market_status='free' agent='NONE' name='p1'>
			<resource ncpu='8' mem='1060'/>
			<resource ncpu='1' mem='1833'/>
			<resource ncpu='7' mem='935'/>
		</provider>
		<provider state='on' market_status='free' agent='NONE' name='p2'>
			<resource ncpu='6' mem='1953'/>
			<resource ncpu='2' mem='1644'/>
			<resource ncpu='2' mem='1925'/>
		</provider>
		<provider state='on' market_status='free' agent='NONE' name='p3'>
			<resource ncpu='5' mem='1615'/>
			<resource ncpu='6' mem='944'/>
			<resource ncpu='10' mem='1494'/>
		</provider>
		<provider state='on' market_status='free' agent='NONE' name='p4'>
			<resource ncpu='9' mem='1698'/>
			<resource ncpu='10' mem='1262'/>
			<resource ncpu='8' mem='966'/>
		</provider>
	</providers>

	<clients>
		<client agent='OBLIV' name='c0'>
			<job value='401' ncpu='2' mem='1048' arrival='4' remaining='90' budget='736'/>
			<job value='107' ncpu='8' mem='1282' arrival='10' remaining='185' budget='76'/>
			<job value='808' ncpu='2' mem='1182' arrival='20' remaining='100' budget='401'/>
			<job value='780' ncpu='9' mem='1598' arrival='21' remaining='160' budget='178'/>
			<job value='756' ncpu='2' mem='1578' arrival='26' remaining='5' budget='315'/>
			<job value='263' ncpu='7' mem='1120' arrival='30' remaining='110' budget='196'/>
			<job value='310' ncpu='5' mem='1993' arrival='37' remaining='10' budget='44'/>
			<job value='693' ncpu='1' mem='1927' arrival='38' remaining='50' budget='678'/>
			<job value='977' ncpu='10' mem='1776' arrival='42' remaining='185' budget='28'/>
			<job value='657' ncpu='3' mem='1152' arrival='49' remaining='190' budget='625'/>
		</client>
		<client agent='NONE' name='c1'>
			<job value='220' ncpu='1' mem='1019' arrival='2' remaining='110' budget='628'/>
			<job value='661' ncpu='6' mem='1255' arrival='6' remaining='185' budget='733'/>
			<job value='929' ncpu='7' mem='1266' arrival='13' remaining='125' budget='400'/>
			<job value='188' ncpu='1' mem='1474' arrival='15' remaining='105' budget='929'/>
			<job value='662' ncpu='6' mem='1466' arrival='25' remaining='25' budget='246'/>
			<job value='326' ncpu='6' mem='1518' arrival='27' remaining='135' budget='658'/>
			<job value='249' ncpu='2' mem='667' arrival='31' remaining='135' budget='244'/>
			<job value='233' ncpu='3' mem='1230' arrival='38' remaining='165' budget='297'/>
			<job value='640' ncpu='8' mem='627' arrival='46' remaining='135' budget='224'/>
			<job value='892' ncpu='1' mem='1497' arrival='52' remaining='125' budget='305'/>
		</client>
		<client agent='NONE' name='c2'>
			<job value='296' ncpu='9' mem='1901' arrival='6' remaining='65' budget='769'/>
			<job value='307' ncpu='3' mem='1923' arrival='11' remaining='155' budget='291'/>
			<job value='970' ncpu='1' mem='1802' arrival='14' remaining='75' budget='288'/>
			<job value='647' ncpu='6' mem='1829' arrival='20' remaining='45' budget='597'/>
			<job value='135' ncpu='3' mem='1711' arrival='26' remaining='85' budget='346'/>
			<job value='578' ncpu='3' mem='1496' arrival='28' remaining='20' budget='208'/>
			<job value='661' ncpu='4' mem='1096' arrival='32' remaining='185' budget='490'/>
			<job value='583' ncpu='9' mem='1704' arrival='39' remaining='160' budget='934'/>
			<job value='258' ncpu='1' mem='686' arrival='45' remaining='130' budget='418'/>
			<job value='990' ncpu='4' mem='992' arrival='46' remaining='110' budget='15'/>
		</client>
		<client agent='OBLIV' name='c3'>
			<job value='660' ncpu='8' mem='1525' arrival='7' remaining='85' budget='514'/>
			<job value='186' ncpu='7' mem='2038' arrival='16' remaining='100' budget='672'/>
			<job value='665' ncpu='9' mem='1596' arrival='26' remaining='120' budget='582'/>
			<job value='386' ncpu='6' mem='1198' arrival='27' remaining='165' budget='495'/>
			<job value='877' ncpu='1' mem='793' arrival='33' remaining='100' budget='807'/>
			<job value='519' ncpu='3' mem='708' arrival='36' remaining='20' budget='68'/>
			<job value='916' ncpu='4' mem='1090' arrival='40' remaining='115' budget='854'/>
			<job value='886' ncpu='2' mem='576' arrival='45' remaining='45' budget='420'/>
			<job value='630' ncpu='3' mem='923' arrival='50' remaining='30' budget='925'/>
			<job value='933' ncpu='7' mem='2043' arrival='60' remaining='175' budget='846'/>
		</client>
		<client agent='NONE' name='c4'>
			<job value='495' ncpu='9' mem='1189' arrival='8' remaining='165' budget='254'/>
			<job value='594' ncpu='10' mem='1859' arrival='10' remaining='30' budget='925'/>
			<job value='359' ncpu='9' mem='772' arrival='12' remaining='150' budget='200'/>
			<job value='521' ncpu='6' mem='539' arrival='19' remaining='155' budget='439'/>
			<job value='114' ncpu='10' mem='905' arrival='25' remaining='90' budget='450'/>
			<job value='665' ncpu='10' mem='1476' arrival='26' remaining='30' budget='325'/>
			<job value='751' ncpu='2' mem='917' arrival='33' remaining='45' budget='814'/>
			<job value='660' ncpu='9' mem='1975' arrival='37' remaining='185' budget='588'/>
			<job value='788' ncpu='7' mem='852' arrival='45' remaining='175' budget='827'/>
			<job value='720' ncpu='7' mem='995' arrival='48' remaining='90' budget='248'/>
		</client>
	</clients>
</sim>

