<sim quantum='5' delta='5' noise='10'>
	<providers>
		<provider state='on' market_status='free' agent='NONE' name='p0'>
			<resource ncpu='1' mem='1024'/>
			<resource ncpu='1' mem='1024'/>
			<resource ncpu='1' mem='1024'/>
		</provider>
		<provider state='on' market_status='free' agent='NONE' name='p1'>
			<resource ncpu='3' mem='1024'/>
			<resource ncpu='3' mem='1024'/>
			<resource ncpu='3' mem='1024'/>
		</provider>
	</providers>

	<clients>
		<client agent='NONE' name='c1'>
			<job value='150' ncpu='1' mem='128' arrival='1' remaining='45' budget='150'/>
			<job value='100' ncpu='1' mem='128' arrival='10' remaining='25' budget='100'/>
			<job value='150' ncpu='1' mem='128' arrival='15' remaining='35' budget='150'/>
			<job value='100' ncpu='1' mem='128' arrival='10' remaining='50' budget='100'/>
			<job value='150' ncpu='1' mem='128' arrival='5' remaining='150' budget='150'/>
			<job value='100' ncpu='1' mem='128' arrival='20' remaining='5' budget='100'/>
			<job value='150' ncpu='1' mem='128' arrival='25' remaining='75' budget='150'/>
			<job value='100' ncpu='1' mem='128' arrival='30' remaining='5' budget='100'/>

		</client>
		<client agent='NONE' name='c2'>
			<job value='150' ncpu='3' mem='128' arrival='1' remaining='45' budget='150'/>
			<job value='100' ncpu='3' mem='128' arrival='10' remaining='25' budget='100'/>
			<job value='150' ncpu='3' mem='128' arrival='15' remaining='35' budget='150'/>
			<job value='100' ncpu='3' mem='128' arrival='10' remaining='50' budget='100'/>
			<job value='150' ncpu='3' mem='128' arrival='5' remaining='150' budget='150'/>
			<job value='100' ncpu='3' mem='128' arrival='20' remaining='5' budget='100'/>
			<job value='150' ncpu='3' mem='128' arrival='25' remaining='75' budget='150'/>
			<job value='100' ncpu='3' mem='128' arrival='30' remaining='5' budget='100'/>
		</client>
	</clients>
</sim>
