<sim quantum='5' delta='5' noise='10' migration='1' bid_window='15'>
  <providers>
    <provider state='on' market_status='free' agent='NO_INC' name='p0' incparam='1' decparam='1'>
      <resource ncpu='9' mem='3829'/>
    </provider>
    <provider state='on' market_status='free' agent='NO_INC' name='p1' incparam='1' decparam='0'>
      <resource ncpu='9' mem='3829'/>
    </provider>
  </providers>

  <clients>
    <client agent='AVOID_MIGRATION' name='c0'>
      <job value='26' ncpu='4' mem='840' arrival='11' remaining='30' budget='30381' succrate='100'/>
      <job value='30' ncpu='4' mem='1399' arrival='13' remaining='30' budget='45870' succrate='76'/>
      <job value='17' ncpu='8' mem='537' arrival='18' remaining='30' budget='41469' succrate='3'/>
    </client>
    <client agent='AVOID_MIGRATION' name='c1'>
      <job value='8' ncpu='5' mem='1764' arrival='5' remaining='35' budget='24664' succrate='51'/>
      <job value='7' ncpu='3' mem='1659' arrival='12' remaining='35' budget='57146' succrate='85'/>
      <job value='32' ncpu='9' mem='1529' arrival='15' remaining='30' budget='73767' succrate='31'/>
    </client>
    <client agent='AVOID_MIGRATION' name='c2'>
      <job value='24' ncpu='8' mem='1364' arrival='2' remaining='35' budget='14201' succrate='86'/>
      <job value='25' ncpu='7' mem='831' arrival='8' remaining='35' budget='88576' succrate='22'/>
      <job value='15' ncpu='1' mem='1699' arrival='10' remaining='30' budget='82018' succrate='42'/>
    </client>
  </clients>
</sim>
