<sim quantum='5' delta='5' noise='10'>
	<providers>
		<provider state='on' market_status='free' agent='NONE' name='p1'>
			<resource ncpu='1' mem='1023'/>
			<resource ncpu='2' mem='1022'/>
			<resource ncpu='3' mem='1021'/>
		</provider>
		<provider state='on' market_status='free' agent='NONE' name='p2'>
			<resource ncpu='2' mem='300'/>
			<resource ncpu='1' mem='1024'/>
			<resource ncpu='10' mem='1024'/>
		</provider>
	</providers>

	<clients>
		<client agent='NONE' name='c1'>
			<job value='150' ncpu='1' mem='128' arrival='1' remaining='15' budget='1500'/>
			<job value='100' ncpu='1' mem='128' arrival='10' remaining='5' budget='1000'/>
		</client>
		<client agent='NONE' name='c2'>
			<job value='50' ncpu='1' mem='128' arrival='15' remaining='5' budget='500'/>
			<job value='60' ncpu='10' mem='128' arrival='30' remaining='25' budget='600'/>
			<job value='1070' ncpu='1' mem='128' arrival='20' remaining='55' budget='1070'/>
		</client>
		<client agent='NONE' name='c3'>
			<job value='1500' ncpu='1' mem='128' arrival='1' remaining='1500' budget='15000'/>
			<job value='1000' ncpu='1' mem='128' arrival='10' remaining='50' budget='10000'/>
			<job value='1500' ncpu='1' mem='128' arrival='100' remaining='150' budget='15000'/>
			<job value='1000' ncpu='1' mem='128' arrival='110' remaining='50' budget='10000'/>
			<job value='1500' ncpu='1' mem='128' arrival='120' remaining='150' budget='15000'/>
			<job value='1000' ncpu='1' mem='128' arrival='180' remaining='500' budget='10000'/>
			<job value='1500' ncpu='1' mem='128' arrival='140' remaining='15' budget='15000'/>
			<job value='1000' ncpu='1' mem='128' arrival='10' remaining='500' budget='10000'/>
		</client>
		<client agent='NONE' name='c4'>
			<job value='1500' ncpu='1' mem='128' arrival='1' remaining='1500' budget='15000'/>
			<job value='1000' ncpu='1' mem='128' arrival='10' remaining='50' budget='10000'/>
			<job value='1500' ncpu='1' mem='128' arrival='100' remaining='150' budget='15000'/>
			<job value='1000' ncpu='1' mem='128' arrival='110' remaining='50' budget='10000'/>
			<job value='1500' ncpu='1' mem='128' arrival='120' remaining='150' budget='10500'/>
			<job value='1000' ncpu='1' mem='128' arrival='180' remaining='500' budget='10000'/>
			<job value='1500' ncpu='1' mem='128' arrival='140' remaining='15' budget='15000'/>
			<job value='1000' ncpu='1' mem='128' arrival='10' remaining='500' budget='10000'/>
		</client>
	</clients>
</sim>
