<sim quantum='5' delta='5' noise='10' migration='1' bid_window='15'>
	<providers>
		<provider state='on' market_status='free' agent='NO_INC' name='p0'>
			<resource ncpu='18' mem='3645'/>
			<resource ncpu='14' mem='3309'/>
			<resource ncpu='18' mem='3620'/>
		</provider>
		<provider state='on' market_status='free' agent='NO_INC' name='p1'>
			<resource ncpu='20' mem='2578'/>
			<resource ncpu='11' mem='2895'/>
			<resource ncpu='16' mem='2982'/>
		</provider>
		<provider state='on' market_status='free' agent='NO_INC' name='p2'>
			<resource ncpu='19' mem='3178'/>
			<resource ncpu='14' mem='4071'/>
			<resource ncpu='16' mem='2925'/>
		</provider>
		<provider state='on' market_status='free' agent='NO_INC' name='p3'>
			<resource ncpu='11' mem='3243'/>
			<resource ncpu='11' mem='3137'/>
			<resource ncpu='17' mem='3639'/>
		</provider>
		<provider state='on' market_status='free' agent='NO_INC' name='p4'>
			<resource ncpu='13' mem='2678'/>
			<resource ncpu='13' mem='3574'/>
			<resource ncpu='17' mem='2793'/>
		</provider>
	</providers>

	<clients>
		<client agent='AVOID_MIGRATION' name='c0'>
			<job value='4' ncpu='4' mem='1321' arrival='2' remaining='50' budget='26197'/>
			<job value='12' ncpu='7' mem='910' arrival='12' remaining='45' budget='76529'/>
			<job value='2' ncpu='7' mem='1815' arrival='16' remaining='30' budget='93683'/>
			<job value='5' ncpu='10' mem='1513' arrival='25' remaining='40' budget='1143'/>
		</client>
		<client agent='AVOID_MIGRATION' name='c1'>
			<job value='9' ncpu='2' mem='1792' arrival='2' remaining='40' budget='13370'/>
			<job value='9' ncpu='7' mem='1183' arrival='11' remaining='50' budget='75725'/>
			<job value='3' ncpu='2' mem='1374' arrival='14' remaining='50' budget='58025'/>
			<job value='7' ncpu='3' mem='1571' arrival='24' remaining='35' budget='69064'/>
		</client>
		<client agent='AVOID_MIGRATION' name='c2'>
			<job value='9' ncpu='10' mem='527' arrival='5' remaining='45' budget='46014'/>
			<job value='1' ncpu='7' mem='972' arrival='6' remaining='50' budget='6820'/>
			<job value='15' ncpu='6' mem='620' arrival='16' remaining='30' budget='62230'/>
			<job value='12' ncpu='1' mem='764' arrival='20' remaining='50' budget='26851'/>
		</client>
		<client agent='AVOID_MIGRATION' name='c3'>
			<job value='6' ncpu='3' mem='1681' arrival='3' remaining='40' budget='29968'/>
			<job value='1' ncpu='4' mem='818' arrival='5' remaining='50' budget='27093'/>
			<job value='15' ncpu='8' mem='1201' arrival='7' remaining='30' budget='38231'/>
			<job value='3' ncpu='8' mem='832' arrival='17' remaining='30' budget='76273'/>
		</client>
	</clients>
</sim>

