<sim quantum='5' delta='5' noise='10' migration='1' bid_window='15'>
  <providers>
    <provider state='on' market_status='free' agent='NO_INC' name='p0' incparam='1' decparam='1'>
      <resource ncpu='14' mem='3829'/>
    </provider>
    <provider state='on' market_status='free' agent='NO_INC' name='p1' incparam='1' decparam='1'>
      <resource ncpu='15' mem='3430'/>
    </provider>
    <provider state='on' market_status='free' agent='NO_INC' name='p2' incparam='1' decparam='1'>
      <resource ncpu='15' mem='3430'/>
    </provider>

  </providers>

  <clients>
    <client agent='AVOID_MIGRATION' name='c0'>
      <job value='26' ncpu='4' mem='840' arrival='11' remaining='30' budget='30381' succrate='100'/>
      <job value='30' ncpu='4' mem='1399' arrival='13' remaining='30' budget='45870' succrate='100'/>
      <job value='17' ncpu='8' mem='537' arrival='18' remaining='30' budget='41469' succrate='100'/>
      <job value='26' ncpu='4' mem='840' arrival='11' remaining='30' budget='30381' succrate='100'/>
      <job value='30' ncpu='4' mem='1399' arrival='13' remaining='30' budget='45870' succrate='100'/>
      <job value='17' ncpu='8' mem='537' arrival='18' remaining='30' budget='41469' succrate='100'/>
    </client>
    <client agent='AVOID_MIGRATION' name='c1'>
      <job value='26' ncpu='4' mem='840' arrival='11' remaining='30' budget='30381' succrate='75'/>
      <job value='30' ncpu='4' mem='1399' arrival='13' remaining='30' budget='45870' succrate='75'/>
      <job value='17' ncpu='8' mem='537' arrival='18' remaining='30' budget='41469' succrate='75'/>
      <job value='26' ncpu='4' mem='840' arrival='11' remaining='30' budget='30381' succrate='75'/>
      <job value='30' ncpu='4' mem='1399' arrival='13' remaining='30' budget='45870' succrate='75'/>
      <job value='17' ncpu='8' mem='537' arrival='18' remaining='30' budget='41469' succrate='75'/>
    </client>
    <client agent='AVOID_MIGRATION' name='c2'>
      <job value='26' ncpu='4' mem='840' arrival='11' remaining='30' budget='30381' succrate='50'/>
      <job value='30' ncpu='4' mem='1399' arrival='13' remaining='30' budget='45870' succrate='50'/>
      <job value='17' ncpu='8' mem='537' arrival='18' remaining='30' budget='41469' succrate='50'/>
      <job value='26' ncpu='4' mem='840' arrival='11' remaining='30' budget='30381' succrate='50'/>
      <job value='30' ncpu='4' mem='1399' arrival='13' remaining='30' budget='45870' succrate='50'/>
      <job value='17' ncpu='8' mem='537' arrival='18' remaining='30' budget='41469' succrate='50'/>
    </client>
    <client agent='AVOID_MIGRATION' name='c3'>
      <job value='26' ncpu='4' mem='840' arrival='11' remaining='30' budget='30381' succrate='25'/>
      <job value='30' ncpu='4' mem='1399' arrival='13' remaining='30' budget='45870' succrate='25'/>
      <job value='17' ncpu='8' mem='537' arrival='18' remaining='30' budget='41469' succrate='25'/>
      <job value='26' ncpu='4' mem='840' arrival='11' remaining='30' budget='30381' succrate='25'/>
      <job value='30' ncpu='4' mem='1399' arrival='13' remaining='30' budget='45870' succrate='25'/>
      <job value='17' ncpu='8' mem='537' arrival='18' remaining='30' budget='41469' succrate='25'/>
    </client>

  </clients>
</sim>
