<sim quantum='5' delta='5' noise='10' migration='1' bid_window='15'>
  <providers>
    <provider state='on' market_status='free' agent='NO_INC' name='p0' incparam='4' decparam='3'>
      <resource ncpu='14' mem='3829'/>
      <resource ncpu='18' mem='3755'/>
      <resource ncpu='12' mem='2734'/>
    </provider>
    <provider state='on' market_status='free' agent='NO_INC' name='p1' incparam='3' decparam='9'>
      <resource ncpu='15' mem='3430'/>
      <resource ncpu='20' mem='3075'/>
      <resource ncpu='14' mem='2611'/>
    </provider>
    <provider state='on' market_status='free' agent='NO_INC' name='p2' incparam='1' decparam='3'>
      <resource ncpu='14' mem='2835'/>
      <resource ncpu='16' mem='3661'/>
      <resource ncpu='16' mem='3632'/>
    </provider>
  </providers>

  <clients>
    <client agent='AVOID_MIGRATION' name='c0'>
      <job value='26' ncpu='4' mem='840' arrival='11' remaining='30' budget='30381' succrate='100'/>
      <job value='30' ncpu='4' mem='1399' arrival='13' remaining='30' budget='45870' succrate='76'/>
      <job value='17' ncpu='8' mem='537' arrival='18' remaining='30' budget='41469' succrate='3'/>
    </client>
    <client agent='AVOID_MIGRATION' name='c0'>
      <job value='26' ncpu='4' mem='840' arrival='11' remaining='30' budget='30381' succrate='100'/>
      <job value='30' ncpu='4' mem='1399' arrival='13' remaining='30' budget='45870' succrate='76'/>
      <job value='17' ncpu='8' mem='537' arrival='18' remaining='30' budget='41469' succrate='3'/>
    </client>
    <client agent='AVOID_MIGRATION' name='c0'>
      <job value='26' ncpu='4' mem='840' arrival='11' remaining='30' budget='30381' succrate='100'/>
      <job value='30' ncpu='4' mem='1399' arrival='13' remaining='30' budget='45870' succrate='76'/>
      <job value='17' ncpu='8' mem='537' arrival='18' remaining='30' budget='41469' succrate='3'/>
    </client>
  </clients>
</sim>
