<sim quantum='5' delta='5' noise='10' migration='1' bid_window='15'>
	<providers>
		<provider state='on' market_status='free' agent='NO_INC' name='p0'>
			<resource ncpu='13' mem='2690'/>
			<resource ncpu='20' mem='2884'/>
			<resource ncpu='12' mem='3879'/>
			<resource ncpu='15' mem='3347'/>
			<resource ncpu='12' mem='2961'/>
		</provider>
		<provider state='on' market_status='free' agent='NO_INC' name='p1'>
			<resource ncpu='16' mem='3192'/>
			<resource ncpu='17' mem='3881'/>
			<resource ncpu='20' mem='3335'/>
			<resource ncpu='12' mem='3157'/>
			<resource ncpu='11' mem='2760'/>
		</provider>
		<provider state='on' market_status='free' agent='NO_INC' name='p2'>
			<resource ncpu='13' mem='2879'/>
			<resource ncpu='19' mem='3422'/>
			<resource ncpu='19' mem='2612'/>
			<resource ncpu='11' mem='3112'/>
			<resource ncpu='15' mem='2842'/>
		</provider>
		<provider state='on' market_status='free' agent='NO_INC' name='p3'>
			<resource ncpu='18' mem='3837'/>
			<resource ncpu='14' mem='3604'/>
			<resource ncpu='20' mem='3034'/>
			<resource ncpu='14' mem='2983'/>
			<resource ncpu='18' mem='2735'/>
		</provider>
		<provider state='on' market_status='free' agent='NO_INC' name='p4'>
			<resource ncpu='20' mem='3216'/>
			<resource ncpu='20' mem='2989'/>
			<resource ncpu='14' mem='3819'/>
			<resource ncpu='11' mem='2672'/>
			<resource ncpu='16' mem='3765'/>
		</provider>
	</providers>

	<clients>
		<client agent='AVOID_MIGRATION' name='c0'>
			<job value='6' ncpu='10' mem='711' arrival='4' remaining='30' budget='84360'/>
			<job value='1' ncpu='3' mem='544' arrival='13' remaining='35' budget='59997'/>
			<job value='10' ncpu='9' mem='1537' arrival='18' remaining='45' budget='99767'/>
			<job value='0' ncpu='8' mem='605' arrival='23' remaining='50' budget='94910'/>
			<job value='1' ncpu='4' mem='898' arrival='28' remaining='40' budget='21699'/>
		</client>
		<client agent='AVOID_MIGRATION' name='c1'>
			<job value='2' ncpu='6' mem='1573' arrival='6' remaining='45' budget='72806'/>
			<job value='4' ncpu='5' mem='976' arrival='10' remaining='45' budget='622'/>
			<job value='8' ncpu='6' mem='1530' arrival='13' remaining='50' budget='95042'/>
			<job value='6' ncpu='3' mem='1071' arrival='15' remaining='30' budget='93567'/>
			<job value='5' ncpu='3' mem='1895' arrival='25' remaining='30' budget='94644'/>
		</client>
		<client agent='AVOID_MIGRATION' name='c2'>
			<job value='5' ncpu='2' mem='1010' arrival='5' remaining='45' budget='97240'/>
			<job value='10' ncpu='7' mem='611' arrival='10' remaining='30' budget='60433'/>
			<job value='7' ncpu='8' mem='1318' arrival='18' remaining='45' budget='6568'/>
			<job value='9' ncpu='1' mem='707' arrival='19' remaining='35' budget='85181'/>
			<job value='3' ncpu='6' mem='1726' arrival='20' remaining='50' budget='14347'/>
		</client>
		<client agent='AVOID_MIGRATION' name='c3'>
			<job value='4' ncpu='3' mem='847' arrival='11' remaining='50' budget='41545'/>
			<job value='7' ncpu='2' mem='904' arrival='16' remaining='40' budget='35659'/>
			<job value='9' ncpu='4' mem='1106' arrival='18' remaining='30' budget='25540'/>
			<job value='5' ncpu='1' mem='1520' arrival='22' remaining='30' budget='26571'/>
			<job value='9' ncpu='4' mem='968' arrival='27' remaining='30' budget='67114'/>
		</client>
		<client agent='AVOID_MIGRATION' name='c4'>
			<job value='5' ncpu='3' mem='2034' arrival='6' remaining='40' budget='3745'/>
			<job value='3' ncpu='8' mem='1024' arrival='13' remaining='40' budget='75908'/>
			<job value='0' ncpu='2' mem='580' arrival='16' remaining='40' budget='93138'/>
			<job value='6' ncpu='3' mem='798' arrival='17' remaining='50' budget='17912'/>
			<job value='0' ncpu='5' mem='921' arrival='21' remaining='50' budget='82477'/>
		</client>
	</clients>
</sim>

