<sim quantum='5' delta='5' noise='10' migration='1' bid_window='15'>
	<providers>
		<provider state='on' market_status='free' agent='NO_INC' name='p0' incparam='1' decparam='1'>
			<resource ncpu='18' mem='3645'/>
			<resource ncpu='14' mem='3309'/>
			<resource ncpu='18' mem='3620'/>
		</provider>
		<provider state='on' market_status='free' agent='NO_INC' name='p1' incparam='1' decparam='1'>
			<resource ncpu='20' mem='2578'/>
			<resource ncpu='11' mem='2895'/>
			<resource ncpu='16' mem='2982'/>
		</provider>
		<provider state='on' market_status='free' agent='NO_INC' name='p2' incparam='1' decparam='1'>
			<resource ncpu='19' mem='3178'/>
			<resource ncpu='14' mem='4071'/>
			<resource ncpu='16' mem='2925'/>
		</provider>
		<provider state='on' market_status='free' agent='NO_INC' name='p3' incparam='1' decparam='1'>
			<resource ncpu='11' mem='3243'/>
			<resource ncpu='11' mem='3137'/>
			<resource ncpu='17' mem='3639'/>
		</provider>
		<provider state='on' market_status='free' agent='NO_INC' name='p4' incparam='1' decparam='1'>
			<resource ncpu='13' mem='2678'/>
			<resource ncpu='13' mem='3574'/>
			<resource ncpu='17' mem='2793'/>
		</provider>
	</providers>

	<clients>
		<client agent='AVOID_MIGRATION' name='c0'>
			<job value='4' ncpu='4' mem='1321' arrival='2' remaining='50' budget='26197' succrate='100' />
			<job value='12' ncpu='7' mem='910' arrival='12' remaining='45' budget='76529' succrate='100' />
		</client>
		<client agent='AVOID_MIGRATION' name='c1'>
			<job value='9' ncpu='2' mem='1792' arrival='2' remaining='40' budget='13370' succrate='100' />
			<job value='7' ncpu='3' mem='1571' arrival='24' remaining='35' budget='69064' succrate='100'/>
		</client>
		<client agent='AVOID_MIGRATION' name='c2'>
			<job value='15' ncpu='8' mem='1201' arrival='7' remaining='30' budget='38231'succrate='100' />
			<job value='3' ncpu='8' mem='832' arrival='17' remaining='30' budget='76273'succrate='100' />
		</client>
	</clients>
</sim>

