<sim quantum='5' delta='5' noise='0' migration='1' bid_window='15'>
	<providers>
		<provider state='on' market_status='free' agent='NO_INC' name='p0'>
			<resource ncpu='10' mem='500'/>
		</provider>
		<provider state='on' market_status='free' agent='NO_INC' name='p1'>
			<resource ncpu='10' mem='500'/>
		</provider>
		<provider state='on' market_status='free' agent='NO_INC' name='p2'>
			<resource ncpu='10' mem='500'/>
		</provider>
		<provider state='on' market_status='free' agent='NO_INC' name='p3'>
			<resource ncpu='10' mem='500'/>
		</provider>
		<provider state='on' market_status='free' agent='NO_INC' name='p4'>
			<resource ncpu='10' mem='500'/>
		</provider>
		<provider state='on' market_status='free' agent='NO_INC' name='p5'>
			<resource ncpu='10' mem='500'/>
		</provider>
		<provider state='on' market_status='free' agent='NO_INC' name='p6'>
			<resource ncpu='10' mem='500'/>
		</provider>
		<provider state='on' market_status='free' agent='NO_INC' name='p7'>
			<resource ncpu='10' mem='500'/>
		</provider>
		<provider state='on' market_status='free' agent='NO_INC' name='p8'>
			<resource ncpu='10' mem='500'/>
		</provider>
		<provider state='on' market_status='free' agent='NO_INC' name='p9'>
			<resource ncpu='10' mem='500'/>
		</provider>
		<provider state='on' market_status='free' agent='NO_INC' name='p10'>
			<resource ncpu='10' mem='700'/>
		</provider>
		<provider state='on' market_status='free' agent='NO_INC' name='p11'>
			<resource ncpu='10' mem='700'/>
		</provider>
		<provider state='on' market_status='free' agent='NO_INC' name='p12'>
			<resource ncpu='10' mem='700'/>
		</provider>
		<provider state='on' market_status='free' agent='NO_INC' name='p13'>
			<resource ncpu='10' mem='700'/>
		</provider>
		<provider state='on' market_status='free' agent='NO_INC' name='p14'>
			<resource ncpu='10' mem='700'/>
		</provider>
		<provider state='on' market_status='free' agent='NO_INC' name='p15'>
			<resource ncpu='10' mem='700'/>
		</provider>
		<provider state='on' market_status='free' agent='NO_INC' name='p16'>
			<resource ncpu='10' mem='700'/>
		</provider>
		<provider state='on' market_status='free' agent='NO_INC' name='p17'>
			<resource ncpu='10' mem='700'/>
		</provider>
		<provider state='on' market_status='free' agent='NO_INC' name='p18'>
			<resource ncpu='10' mem='700'/>
		</provider>
		<provider state='on' market_status='free' agent='NO_INC' name='p19'>
			<resource ncpu='10' mem='700'/>
		</provider>
	</providers>

	<clients>
		<client agent='AVOID_MIGRATION' name='c0'>
			<job value='30' ncpu='5' mem='450' arrival='0' remaining='60' budget='26197'/>
			<job value='30' ncpu='5' mem='450' arrival='0' remaining='60' budget='26197'/>
			<job value='30' ncpu='5' mem='450' arrival='0' remaining='60' budget='26197'/>
			<job value='30' ncpu='5' mem='450' arrival='0' remaining='60' budget='26197'/>
			<job value='30' ncpu='5' mem='450' arrival='0' remaining='60' budget='26197'/>
			<job value='30' ncpu='5' mem='450' arrival='0' remaining='60' budget='26197'/>
			<job value='30' ncpu='5' mem='450' arrival='0' remaining='60' budget='26197'/>
			<job value='30' ncpu='5' mem='450' arrival='0' remaining='60' budget='26197'/>
			<job value='30' ncpu='5' mem='450' arrival='0' remaining='60' budget='26197'/>
			<job value='30' ncpu='5' mem='450' arrival='0' remaining='60' budget='26197'/>
		</client>
		<client agent='AVOID_MIGRATION' name='c1'>
			<job value='60' ncpu='5' mem='600' arrival='900' remaining='50' budget='26197'/>
			<job value='60' ncpu='5' mem='600' arrival='900' remaining='50' budget='26197'/>
			<job value='60' ncpu='5' mem='600' arrival='900' remaining='50' budget='26197'/>
			<job value='60' ncpu='5' mem='600' arrival='900' remaining='50' budget='26197'/>
			<job value='60' ncpu='5' mem='600' arrival='900' remaining='50' budget='26197'/>
			<job value='60' ncpu='5' mem='600' arrival='900' remaining='50' budget='26197'/>
			<job value='60' ncpu='5' mem='600' arrival='900' remaining='50' budget='26197'/>
			<job value='60' ncpu='5' mem='600' arrival='900' remaining='50' budget='26197'/>
			<job value='60' ncpu='5' mem='600' arrival='900' remaining='50' budget='26197'/>
			<job value='60' ncpu='5' mem='600' arrival='900' remaining='50' budget='26197'/>
		</client>

	</clients>
</sim>

