1546209501.1826198,101,('127.0.0.1', 54550),
1546209501.561793,101,('127.0.0.1', 54460),
1546209547.6391182,103,('127.0.0.1', 54475),
1546209552.331009,101,('127.0.0.1', 56167),
1546209558.41728,102,('127.0.0.1', 54738),
1546209558.9196,101,('127.0.0.1', 57171),
1546209564.044019,102,('127.0.0.1', 56520),
1546209564.097074,101,('127.0.0.1', 56354),
1546209564.148306,101,('127.0.0.1', 57059),
1546209564.215185,101,('127.0.0.1', 56913),
1546209564.313598,101,('127.0.0.1', 55603),
1546209568.450645,101,('127.0.0.1', 56315),
1546209568.471282,101,('127.0.0.1', 56843),
1546209573.636467,102,('127.0.0.1', 56034),
1546209578.775543,101,('127.0.0.1', 54500),
1546209578.8084102,101,('127.0.0.1', 55491),
1546209584.032056,101,('127.0.0.1', 56472),
1546209589.15614,101,('127.0.0.1', 54760),
1546209589.3827178,101,('127.0.0.1', 56442),
1546209594.602151,101,('127.0.0.1', 56354),
1546209603.9919202,101,('127.0.0.1', 55359),
1546209604.093159,101,('127.0.0.1', 55821),
1546209609.2510111,101,('127.0.0.1', 56684),
1546209614.3117282,101,('127.0.0.1', 55067),
1546209614.3576682,101,('127.0.0.1', 56633),
1546209619.509162,101,('127.0.0.1', 56134),
1546209624.64181,101,('127.0.0.1', 55635),
1546209639.993922,101,('127.0.0.1', 55036),
1546209640.02256,101,('127.0.0.1', 55986),
1546209655.272501,101,('127.0.0.1', 55075),
1546209710.6119921,121,('127.0.0.1', 57943),
1546209710.668939,121,('127.0.0.1', 59611),
1546209710.71095,121,('127.0.0.1', 58888),
1546209710.771389,121,('127.0.0.1', 59587),
1546209710.800684,121,('127.0.0.1', 60036),
1546209710.885601,121,('127.0.0.1', 59883),
1546209710.955153,121,('127.0.0.1', 59656),
1546209710.9946759,121,('127.0.0.1', 59400),
1546209711.056062,121,('127.0.0.1', 59349),
1546209711.0623538,121,('127.0.0.1', 59666),
1546209711.3076339,121,('127.0.0.1', 58508),
1546209711.354913,121,('127.0.0.1', 58961),
1546209713.779306,122,('127.0.0.1', 58443),
1546209713.874051,121,('127.0.0.1', 60100),
1546209713.998341,121,('127.0.0.1', 59832),
1546209714.0738869,121,('127.0.0.1', 59555),
1546209714.153811,121,('127.0.0.1', 59364),
1546209719.353485,122,('127.0.0.1', 58841),
1546209724.639112,122,('127.0.0.1', 58443),
1546209724.70866,121,('127.0.0.1', 59356),
1546209730.0386848,122,('127.0.0.1', 60077),
1546209730.130168,121,('127.0.0.1', 58577),
1546209739.440657,123,('127.0.0.1', 58475),
1546209739.518965,121,('127.0.0.1', 60117),
1546209739.719008,121,('127.0.0.1', 60240),
1546209740.1540139,121,('127.0.0.1', 58176),
1546209745.4218519,121,('127.0.0.1', 58138),
1546209750.935078,122,('127.0.0.1', 58080),
1546209751.0234292,121,('127.0.0.1', 59663),
1546209751.143309,121,('127.0.0.1', 59628),
1546209756.435615,121,('127.0.0.1', 58532),
1546209756.535831,121,('127.0.0.1', 60172),
1546209756.628204,121,('127.0.0.1', 58775),
1546209761.836873,121,('127.0.0.1', 59376),
1546209767.129602,121,('127.0.0.1', 57445),
1546209767.310136,121,('127.0.0.1', 58729),
1546209767.38972,121,('127.0.0.1', 59202),
1546209767.467624,121,('127.0.0.1', 59925),
1546209772.735937,121,('127.0.0.1', 59543),
1546209778.071879,121,('127.0.0.1', 60160),
1546209783.3301141,121,('127.0.0.1', 58798),
1546209788.561131,121,('127.0.0.1', 59117),
1546209793.893472,121,('127.0.0.1', 58773),
1546209794.012736,121,('127.0.0.1', 59597),
1546209794.113918,121,('127.0.0.1', 57621),
1546209794.2557771,121,('127.0.0.1', 59537),
1546209802.385437,121,('127.0.0.1', 60283),
1546209807.6800158,121,('127.0.0.1', 59702),
1546209807.861195,121,('127.0.0.1', 59783),
1546209813.067413,121,('127.0.0.1', 59194),
1546209813.1508968,121,('127.0.0.1', 58717),
1546209818.393142,121,('127.0.0.1', 59386),
1546209833.984983,40,('127.0.0.1', 60867),
1546209834.20727,40,('127.0.0.1', 60991),
1546209834.579663,40,('127.0.0.1', 60680),
1546209834.59655,40,('127.0.0.1', 60623),
1546209834.597555,40,('127.0.0.1', 60782),
1546209834.6021178,40,('127.0.0.1', 60414),
1546209834.605854,40,('127.0.0.1', 60368),
1546209834.607177,40,('127.0.0.1', 60923),
1546209834.6104162,40,('127.0.0.1', 60621),
1546209834.611419,40,('127.0.0.1', 60803),
1546209841.123157,40,('127.0.0.1', 60353),
1546209842.374879,40,('127.0.0.1', 60825),
1546209849.13907,41,('127.0.0.1', 60428),
1546209851.783034,40,('127.0.0.1', 61376),
1546209868.3694348,40,('127.0.0.1', 63111),
1546209868.3749938,40,('127.0.0.1', 62663),
1546209878.179513,40,('127.0.0.1', 60450),
1546209878.180125,40,('127.0.0.1', 62603),
1546209878.180942,40,('127.0.0.1', 62353),
1546209879.014525,40,('127.0.0.1', 62685),
1546209879.018411,40,('127.0.0.1', 61171),
1546209879.021554,40,('127.0.0.1', 62990),
1546209879.032626,40,('127.0.0.1', 63227),
1546209884.038786,40,('127.0.0.1', 61378),
1546209884.0532632,40,('127.0.0.1', 62833),
1546209884.0565262,40,('127.0.0.1', 62772),
1546209884.0740612,40,('127.0.0.1', 62963),
1546209894.207705,40,('127.0.0.1', 60569),
1546209899.238872,40,('127.0.0.1', 60399),
1546209904.2047942,40,('127.0.0.1', 61358),
1546209909.224421,41,('127.0.0.1', 60639),
1546209914.231188,40,('127.0.0.1', 62198),
1546209919.240758,40,('127.0.0.1', 63144),
1546209924.252112,40,('127.0.0.1', 62923),
1546209929.263486,40,('127.0.0.1', 61273),
1546209934.274252,40,('127.0.0.1', 61298),
1546209939.280014,40,('127.0.0.1', 62428),
1546209948.6548429,40,('127.0.0.1', 62467),
1546209953.710928,41,('127.0.0.1', 62665),
1546209958.724279,40,('127.0.0.1', 60552),
1546209963.74401,40,('127.0.0.1', 61870),
1546209968.778354,40,('127.0.0.1', 62123),
1546209973.818173,40,('127.0.0.1', 61817),
1546209978.8484108,40,('127.0.0.1', 62327),
