1546209501.1849651,101,('127.0.0.1', 54442),
1546209509.1088908,101,('127.0.0.1', 54500),
1546209515.494455,101,('127.0.0.1', 55486),
1546209515.656346,101,('127.0.0.1', 54959),
1546209515.9023921,101,('127.0.0.1', 54471),
1546209546.4071848,101,('127.0.0.1', 54648),
1546209551.946547,101,('127.0.0.1', 54446),
1546209552.307959,101,('127.0.0.1', 55228),
1546209552.481785,101,('127.0.0.1', 57154),
1546209552.566263,101,('127.0.0.1', 55891),
1546209552.6179771,101,('127.0.0.1', 56835),
1546209552.8996391,101,('127.0.0.1', 55474),
1546209558.1049228,101,('127.0.0.1', 54382),
1546209558.183608,101,('127.0.0.1', 56275),
1546209558.4230452,101,('127.0.0.1', 55895),
1546209558.5004601,101,('127.0.0.1', 56291),
1546209563.6953542,103,('127.0.0.1', 54893),
1546209563.747235,101,('127.0.0.1', 55073),
1546209563.79528,101,('127.0.0.1', 56393),
1546209563.84413,101,('127.0.0.1', 55345),
1546209563.9363892,101,('127.0.0.1', 55347),
1546209563.960928,101,('127.0.0.1', 56446),
1546209564.0979059,101,('127.0.0.1', 55685),
1546209569.258377,102,('127.0.0.1', 55590),
1546209572.692373,101,('127.0.0.1', 56931),
1546209577.8196921,101,('127.0.0.1', 55172),
1546209582.927522,101,('127.0.0.1', 55605),
1546209582.976307,101,('127.0.0.1', 57175),
1546209583.4851148,101,('127.0.0.1', 55759),
1546209583.580447,101,('127.0.0.1', 56611),
1546209588.682322,101,('127.0.0.1', 56281),
1546209593.7514591,101,('127.0.0.1', 55802),
1546209593.802706,101,('127.0.0.1', 55846),
1546209598.928888,101,('127.0.0.1', 54991),
1546209599.0281851,101,('127.0.0.1', 56459),
1546209604.194956,102,('127.0.0.1', 56268),
1546209604.2784,101,('127.0.0.1', 56149),
1546209604.386183,101,('127.0.0.1', 54790),
1546209609.5602071,101,('127.0.0.1', 57071),
1546209614.699921,101,('127.0.0.1', 56235),
1546209619.8623848,101,('127.0.0.1', 57087),
1546209619.924577,101,('127.0.0.1', 54793),
1546209625.276316,101,('127.0.0.1', 55486),
1546209630.499819,101,('127.0.0.1', 55349),
1546209635.683506,101,('127.0.0.1', 54354),
1546209635.736618,101,('127.0.0.1', 55920),
1546209640.912554,101,('127.0.0.1', 55581),
1546209646.089487,101,('127.0.0.1', 55065),
1546209651.3752708,101,('127.0.0.1', 54541),
1546209656.675515,101,('127.0.0.1', 56408),
1546209656.773908,101,('127.0.0.1', 57271),
1546209707.1101701,121,('127.0.0.1', 58199),
1546209707.1551292,121,('127.0.0.1', 58715),
1546209707.2243252,121,('127.0.0.1', 60198),
1546209707.302777,121,('127.0.0.1', 57397),
1546209707.389057,121,('127.0.0.1', 57913),
1546209707.45912,121,('127.0.0.1', 59713),
1546209707.528426,121,('127.0.0.1', 59734),
1546209707.563853,121,('127.0.0.1', 57791),
1546209707.6317272,121,('127.0.0.1', 57756),
1546209707.7227259,121,('127.0.0.1', 57494),
1546209707.854638,121,('127.0.0.1', 59449),
1546209707.9355588,121,('127.0.0.1', 59702),
1546209708.000014,121,('127.0.0.1', 58689),
1546209713.119814,121,('127.0.0.1', 58570),
1546209713.290211,121,('127.0.0.1', 60151),
1546209713.402339,121,('127.0.0.1', 59684),
1546209713.495598,121,('127.0.0.1', 58810),
1546209713.683061,121,('127.0.0.1', 58786),
1546209714.154377,121,('127.0.0.1', 60002),
1546209714.251033,121,('127.0.0.1', 59014),
1546209714.310923,121,('127.0.0.1', 59711),
1546209714.373205,121,('127.0.0.1', 59171),
1546209719.654507,121,('127.0.0.1', 57599),
1546209719.71009,121,('127.0.0.1', 57971),
1546209724.92255,122,('127.0.0.1', 58965),
1546209725.085514,121,('127.0.0.1', 59582),
1546209725.16799,121,('127.0.0.1', 57631),
1546209730.353483,122,('127.0.0.1', 58391),
1546209735.191154,121,('127.0.0.1', 57947),
1546209735.3255801,121,('127.0.0.1', 59963),
1546209735.4393759,121,('127.0.0.1', 58319),
1546209735.813577,121,('127.0.0.1', 58179),
1546209735.904591,121,('127.0.0.1', 59404),
1546209735.995898,121,('127.0.0.1', 57789),
1546209736.046054,121,('127.0.0.1', 58747),
1546209736.937969,121,('127.0.0.1', 58782),
1546209742.23298,121,('127.0.0.1', 58759),
1546209742.3097322,121,('127.0.0.1', 57431),
1546209747.5359519,121,('127.0.0.1', 57613),
1546209747.776161,121,('127.0.0.1', 58168),
1546209747.876907,121,('127.0.0.1', 58560),
1546209747.965539,121,('127.0.0.1', 59854),
1546209748.067195,121,('127.0.0.1', 57915),
1546209753.337493,121,('127.0.0.1', 60036),
1546209758.5606642,121,('127.0.0.1', 58926),
1546209763.822274,121,('127.0.0.1', 58786),
1546209763.95577,121,('127.0.0.1', 57977),
1546209769.1914,121,('127.0.0.1', 57498),
1546209769.3219688,121,('127.0.0.1', 59194),
1546209778.917962,121,('127.0.0.1', 59049),
1546209779.089289,121,('127.0.0.1', 59624),
1546209784.379782,121,('127.0.0.1', 57913),
1546209784.475564,121,('127.0.0.1', 58558),
1546209789.762955,121,('127.0.0.1', 59593),
1546209795.10619,121,('127.0.0.1', 57520),
1546209800.3531039,121,('127.0.0.1', 57756),
1546209805.617527,121,('127.0.0.1', 57401),
1546209810.9455738,121,('127.0.0.1', 58630),
1546209816.231698,121,('127.0.0.1', 59488),
1546209863.799528,40,('127.0.0.1', 62402),
1546209868.870382,40,('127.0.0.1', 60991),
1546209878.950484,40,('127.0.0.1', 60414),
1546209878.95857,40,('127.0.0.1', 61250),
1546209890.847767,40,('127.0.0.1', 61884),
1546209895.849709,40,('127.0.0.1', 60800),
1546209900.8566132,40,('127.0.0.1', 60705),
1546209900.857419,40,('127.0.0.1', 63211),
1546209907.7505438,41,('127.0.0.1', 61635),
1546209913.453233,40,('127.0.0.1', 61177),
1546209918.4733021,40,('127.0.0.1', 62700),
1546209923.4858959,40,('127.0.0.1', 60560),
1546209928.49881,41,('127.0.0.1', 61079),
1546209933.580105,40,('127.0.0.1', 60794),
1546209938.606526,40,('127.0.0.1', 62921),
1546209938.610028,40,('127.0.0.1', 62323),
1546209943.6246989,40,('127.0.0.1', 60929),
1546209948.919877,40,('127.0.0.1', 61387),
1546209953.9256089,40,('127.0.0.1', 60604),
1546209958.936362,40,('127.0.0.1', 62244),
1546209963.946673,40,('127.0.0.1', 61372),
1546209968.952081,40,('127.0.0.1', 61465),
1546209973.9633,40,('127.0.0.1', 61846),
1546209978.97124,40,('127.0.0.1', 61612),
