1546209501.1892428,101,('127.0.0.1', 54502),
1546209506.870341,101,('127.0.0.1', 54388),
1546209520.4293172,101,('127.0.0.1', 55427),
1546209542.3143601,101,('127.0.0.1', 54707),
1546209552.398748,101,('127.0.0.1', 55842),
1546209553.203561,101,('127.0.0.1', 57280),
1546209553.306817,101,('127.0.0.1', 57179),
1546209558.790475,101,('127.0.0.1', 54462),
1546209563.969722,102,('127.0.0.1', 55910),
1546209564.0458071,101,('127.0.0.1', 57073),
1546209564.0976782,101,('127.0.0.1', 55848),
1546209564.152338,101,('127.0.0.1', 55588),
1546209564.2143612,101,('127.0.0.1', 56061),
1546209569.3548071,101,('127.0.0.1', 54427),
1546209569.4611242,101,('127.0.0.1', 56897),
1546209579.4881349,102,('127.0.0.1', 55228),
1546209588.004996,101,('127.0.0.1', 56077),
1546209588.067489,101,('127.0.0.1', 55260),
1546209588.110623,101,('127.0.0.1', 57006),
1546209593.271369,101,('127.0.0.1', 55707),
1546209593.320221,101,('127.0.0.1', 57053),
1546209598.530794,101,('127.0.0.1', 55005),
1546209603.723238,101,('127.0.0.1', 56782),
1546209609.54107,101,('127.0.0.1', 54957),
1546209614.69953,101,('127.0.0.1', 57135),
1546209623.9061701,101,('127.0.0.1', 56122),
1546209629.076541,101,('127.0.0.1', 56843),
1546209634.2143402,101,('127.0.0.1', 56410),
1546209634.21586,101,('127.0.0.1', 55462),
1546209639.333096,101,('127.0.0.1', 55236),
1546209644.49333,101,('127.0.0.1', 55193),
1546209649.686187,101,('127.0.0.1', 55566),
1546209649.73967,101,('127.0.0.1', 55889),
1546209654.83151,101,('127.0.0.1', 57098),
1546209836.341134,40,('127.0.0.1', 60987),
1546209836.34445,40,('127.0.0.1', 61012),
1546209851.8007512,40,('127.0.0.1', 61018),
1546209865.816464,40,('127.0.0.1', 61645),
1546209870.8239481,41,('127.0.0.1', 61298),
1546209870.824662,40,('127.0.0.1', 61275),
1546209878.918315,41,('127.0.0.1', 61768),
1546209878.965309,40,('127.0.0.1', 62192),
1546209879.004798,40,('127.0.0.1', 63078),
1546209879.0079029,40,('127.0.0.1', 62905),
1546209884.042064,45,('127.0.0.1', 60426),
1546209889.106346,41,('127.0.0.1', 63008),
1546209894.181322,41,('127.0.0.1', 62657),
1546209894.194199,40,('127.0.0.1', 61333),
1546209899.223731,40,('127.0.0.1', 60634),
1546209899.242913,40,('127.0.0.1', 62734),
1546209913.499012,40,('127.0.0.1', 61201),
1546209919.363001,40,('127.0.0.1', 62213),
1546209927.8063219,40,('127.0.0.1', 61103),
1546209932.809963,40,('127.0.0.1', 61275),
1546209937.821954,40,('127.0.0.1', 63251),
1546209942.8420732,40,('127.0.0.1', 62665),
1546209947.850113,40,('127.0.0.1', 62704),
1546209952.862129,41,('127.0.0.1', 61390),
1546209957.8684402,40,('127.0.0.1', 61738),
1546209962.876422,40,('127.0.0.1', 62525),
1546209967.881631,40,('127.0.0.1', 61490),
1546209972.892193,40,('127.0.0.1', 62685),
1546209977.910229,40,('127.0.0.1', 60591),
