<sim quantum='5' delta='5' noise='10' migration='1' bid_window='15'>
	<providers>
		<provider state='on' market_status='free' agent='NO_INC' name='p0' incparam='1' decparam='1'>
			<resource ncpu='30' mem='3993'/>
		</provider>
		<provider state='on' market_status='free' agent='NO_INC' name='p1' incparam='1' decparam='1'>
			<resource ncpu='30' mem='3849'/>
		</provider>
		<provider state='on' market_status='free' agent='NO_INC' name='p2' incparam='1' decparam='1'>
			<resource ncpu='4' mem='3953'/>
		</provider>
		<provider state='on' market_status='free' agent='NO_INC' name='p3' incparam='1' decparam='1'>
			<resource ncpu='4' mem='2827'/>
		</provider>
	</providers>

	<clients>
		<client agent='AVOID_MIGRATION' name='c0'>
			<job value='28' ncpu='4' mem='1279' arrival='257' remaining='35' budget='87052' succrate='100'/>
			<job value='30' ncpu='3' mem='1610' arrival='459' remaining='30' budget='58822' succrate='100'/>
			<job value='9' ncpu='5' mem='1763' arrival='704' remaining='35' budget='17615' succrate='100'/>
			<job value='5' ncpu='1' mem='1610' arrival='931' remaining='35' budget='27571' succrate='100'/>
			<job value='12' ncpu='4' mem='1806' arrival='1157' remaining='35' budget='71401' succrate='100'/>
			<job value='27' ncpu='6' mem='1747' arrival='1388' remaining='30' budget='41806' succrate='100'/>
			<job value='9' ncpu='1' mem='1749' arrival='1648' remaining='30' budget='30130' succrate='100'/>
			<job value='13' ncpu='6' mem='1341' arrival='1922' remaining='35' budget='62609' succrate='100'/>
			<job value='17' ncpu='5' mem='1882' arrival='2141' remaining='30' budget='30563' succrate='100'/>
			<job value='9' ncpu='2' mem='1623' arrival='2390' remaining='35' budget='67760' succrate='100'/>
			<job value='15' ncpu='1' mem='866' arrival='2591' remaining='30' budget='24018' succrate='100'/>
			<job value='6' ncpu='5' mem='1965' arrival='2826' remaining='35' budget='42251' succrate='100'/>
			<job value='6' ncpu='4' mem='655' arrival='3037' remaining='35' budget='64074' succrate='100'/>
			<job value='20' ncpu='9' mem='1719' arrival='3258' remaining='30' budget='20395' succrate='100'/>
			<job value='8' ncpu='4' mem='1928' arrival='3526' remaining='30' budget='99616' succrate='100'/>
			<job value='21' ncpu='7' mem='1422' arrival='3729' remaining='35' budget='21547' succrate='100'/>
			<job value='25' ncpu='5' mem='1503' arrival='3937' remaining='30' budget='62962' succrate='100'/>
			<job value='28' ncpu='4' mem='1063' arrival='4206' remaining='30' budget='82607' succrate='100'/>
			<job value='6' ncpu='6' mem='1039' arrival='4448' remaining='35' budget='64710' succrate='100'/>
			<job value='19' ncpu='8' mem='1922' arrival='4678' remaining='30' budget='80409' succrate='100'/>
			<job value='29' ncpu='4' mem='1224' arrival='4957' remaining='35' budget='62250' succrate='100'/>
			<job value='5' ncpu='10' mem='599' arrival='5198' remaining='35' budget='95887' succrate='100'/>
			<job value='22' ncpu='1' mem='1700' arrival='5467' remaining='30' budget='61620' succrate='100'/>
			<job value='28' ncpu='3' mem='733' arrival='5687' remaining='30' budget='50958' succrate='100'/>
			<job value='12' ncpu='7' mem='1227' arrival='5899' remaining='35' budget='52283' succrate='100'/>
			<job value='9' ncpu='8' mem='2003' arrival='6170' remaining='35' budget='32970' succrate='100'/>
			<job value='4' ncpu='10' mem='801' arrival='6425' remaining='30' budget='66443' succrate='100'/>
			<job value='1' ncpu='6' mem='1418' arrival='6661' remaining='30' budget='75852' succrate='100'/>
			<job value='12' ncpu='3' mem='1189' arrival='6885' remaining='35' budget='18155' succrate='100'/>
			<job value='5' ncpu='9' mem='1909' arrival='7110' remaining='30' budget='95953' succrate='100'/>
		</client>
		<client agent='AVOID_MIGRATION' name='c1'>
			<job value='26' ncpu='4' mem='558' arrival='228' remaining='30' budget='43134' succrate='100'/>
			<job value='12' ncpu='10' mem='1760' arrival='492' remaining='30' budget='70829' succrate='100'/>
			<job value='20' ncpu='4' mem='1597' arrival='729' remaining='30' budget='39630' succrate='100'/>
			<job value='10' ncpu='3' mem='1532' arrival='932' remaining='30' budget='43129' succrate='100'/>
			<job value='18' ncpu='5' mem='1380' arrival='1136' remaining='35' budget='88748' succrate='100'/>
			<job value='29' ncpu='9' mem='1169' arrival='1380' remaining='30' budget='29248' succrate='100'/>
			<job value='11' ncpu='2' mem='557' arrival='1660' remaining='35' budget='95063' succrate='100'/>
			<job value='15' ncpu='7' mem='1528' arrival='1888' remaining='35' budget='17939' succrate='100'/>
			<job value='17' ncpu='4' mem='1496' arrival='2154' remaining='35' budget='85381' succrate='100'/>
			<job value='14' ncpu='9' mem='802' arrival='2429' remaining='30' budget='24308' succrate='100'/>
			<job value='14' ncpu='8' mem='1294' arrival='2656' remaining='30' budget='92120' succrate='100'/>
			<job value='18' ncpu='9' mem='1073' arrival='2896' remaining='35' budget='30920' succrate='100'/>
			<job value='18' ncpu='4' mem='611' arrival='3130' remaining='35' budget='65407' succrate='100'/>
			<job value='15' ncpu='9' mem='540' arrival='3332' remaining='35' budget='32441' succrate='100'/>
			<job value='26' ncpu='6' mem='1253' arrival='3609' remaining='35' budget='77217' succrate='100'/>
			<job value='7' ncpu='6' mem='1018' arrival='3864' remaining='35' budget='15072' succrate='100'/>
			<job value='20' ncpu='5' mem='866' arrival='4112' remaining='30' budget='67848' succrate='100'/>
			<job value='6' ncpu='8' mem='518' arrival='4367' remaining='30' budget='15357' succrate='100'/>
			<job value='12' ncpu='1' mem='863' arrival='4621' remaining='30' budget='26915' succrate='100'/>
			<job value='4' ncpu='4' mem='980' arrival='4896' remaining='35' budget='16038' succrate='100'/>
			<job value='16' ncpu='6' mem='1800' arrival='5163' remaining='35' budget='79560' succrate='100'/>
			<job value='24' ncpu='7' mem='1877' arrival='5434' remaining='35' budget='48995' succrate='100'/>
			<job value='5' ncpu='4' mem='825' arrival='5707' remaining='30' budget='80676' succrate='100'/>
			<job value='11' ncpu='2' mem='1185' arrival='5983' remaining='30' budget='31623' succrate='100'/>
			<job value='15' ncpu='3' mem='2004' arrival='6243' remaining='35' budget='89646' succrate='100'/>
			<job value='11' ncpu='7' mem='1249' arrival='6470' remaining='35' budget='97396' succrate='100'/>
			<job value='20' ncpu='1' mem='1882' arrival='6716' remaining='30' budget='61623' succrate='100'/>
			<job value='9' ncpu='4' mem='1220' arrival='6946' remaining='30' budget='25234' succrate='100'/>
			<job value='30' ncpu='8' mem='1526' arrival='7193' remaining='30' budget='88909' succrate='100'/>
			<job value='18' ncpu='1' mem='1949' arrival='7398' remaining='30' budget='85230' succrate='100'/>
		</client>
	</clients>
</sim>

