<sim quantum='5' delta='5' noise='10' migration='1' bid_window='15'>
	<providers>
		<provider state='on' market_status='free' agent='NO_INC' name='p0' incparam='1' decparam='1'>
			<resource ncpu='30' mem='3461'/>
		</provider>
		<provider state='on' market_status='free' agent='NO_INC' name='p1' incparam='1' decparam='1'>
			<resource ncpu='30' mem='3476'/>
		</provider>
		<provider state='on' market_status='free' agent='NO_INC' name='p2' incparam='1' decparam='1'>
			<resource ncpu='4' mem='3373'/>
		</provider>
		<provider state='on' market_status='free' agent='NO_INC' name='p3' incparam='1' decparam='1'>
			<resource ncpu='4' mem='3683'/>
		</provider>
	</providers>

	<clients>
		<client agent='AVOID_MIGRATION' name='c0'>
			<job value='24' ncpu='8' mem='1687' arrival='289' remaining='35' budget='66879' succrate='100'/>
			<job value='29' ncpu='8' mem='2028' arrival='654' remaining='35' budget='90162' succrate='100'/>
			<job value='22' ncpu='1' mem='1578' arrival='980' remaining='30' budget='12780' succrate='100'/>
			<job value='2' ncpu='6' mem='1801' arrival='1511' remaining='30' budget='56221' succrate='100'/>
			<job value='6' ncpu='10' mem='591' arrival='2143' remaining='30' budget='62068' succrate='100'/>
			<job value='16' ncpu='7' mem='560' arrival='2793' remaining='35' budget='34847' succrate='100'/>
			<job value='25' ncpu='9' mem='1562' arrival='2934' remaining='35' budget='63491' succrate='100'/>
			<job value='21' ncpu='6' mem='1214' arrival='3455' remaining='35' budget='39670' succrate='100'/>
			<job value='30' ncpu='5' mem='1596' arrival='3996' remaining='30' budget='74602' succrate='100'/>
			<job value='25' ncpu='10' mem='761' arrival='4214' remaining='30' budget='39040' succrate='100'/>
			<job value='22' ncpu='4' mem='1046' arrival='4364' remaining='30' budget='34568' succrate='100'/>
			<job value='19' ncpu='9' mem='1764' arrival='4977' remaining='35' budget='52713' succrate='100'/>
			<job value='29' ncpu='5' mem='819' arrival='5493' remaining='35' budget='84325' succrate='100'/>
			<job value='30' ncpu='6' mem='596' arrival='5590' remaining='30' budget='90797' succrate='100'/>
			<job value='7' ncpu='10' mem='2023' arrival='5665' remaining='30' budget='63587' succrate='100'/>
			<job value='9' ncpu='5' mem='1164' arrival='6656' remaining='30' budget='68341' succrate='100'/>
			<job value='23' ncpu='9' mem='1592' arrival='6999' remaining='35' budget='29378' succrate='100'/>
			<job value='25' ncpu='2' mem='1045' arrival='7856' remaining='30' budget='66126' succrate='100'/>
			<job value='12' ncpu='1' mem='622' arrival='8583' remaining='30' budget='24174' succrate='100'/>
			<job value='13' ncpu='1' mem='1571' arrival='8626' remaining='30' budget='90389' succrate='100'/>
			<job value='11' ncpu='9' mem='1308' arrival='9019' remaining='35' budget='72901' succrate='100'/>
			<job value='14' ncpu='6' mem='1841' arrival='9914' remaining='30' budget='52477' succrate='100'/>
			<job value='23' ncpu='5' mem='642' arrival='10911' remaining='30' budget='84955' succrate='100'/>
			<job value='30' ncpu='8' mem='810' arrival='11802' remaining='30' budget='22749' succrate='100'/>
			<job value='13' ncpu='2' mem='1831' arrival='12008' remaining='35' budget='44408' succrate='100'/>
			<job value='8' ncpu='4' mem='1179' arrival='12044' remaining='35' budget='15013' succrate='100'/>
			<job value='15' ncpu='3' mem='1746' arrival='13029' remaining='30' budget='16553' succrate='100'/>
			<job value='11' ncpu='4' mem='551' arrival='13277' remaining='30' budget='22959' succrate='100'/>
			<job value='22' ncpu='4' mem='709' arrival='13403' remaining='35' budget='90298' succrate='100'/>
			<job value='8' ncpu='1' mem='1942' arrival='13631' remaining='35' budget='57716' succrate='100'/>
		</client>
		<client agent='AVOID_MIGRATION' name='c1'>
			<job value='13' ncpu='4' mem='1079' arrival='32' remaining='30' budget='44449' succrate='100'/>
			<job value='15' ncpu='3' mem='1111' arrival='37' remaining='30' budget='34700' succrate='100'/>
			<job value='8' ncpu='6' mem='1150' arrival='913' remaining='35' budget='16523' succrate='100'/>
			<job value='19' ncpu='5' mem='1617' arrival='1502' remaining='35' budget='73065' succrate='100'/>
			<job value='26' ncpu='1' mem='1658' arrival='2371' remaining='35' budget='88270' succrate='100'/>
			<job value='4' ncpu='8' mem='780' arrival='3167' remaining='35' budget='48940' succrate='100'/>
			<job value='22' ncpu='8' mem='633' arrival='3188' remaining='30' budget='98130' succrate='100'/>
			<job value='1' ncpu='8' mem='1536' arrival='3553' remaining='35' budget='58711' succrate='100'/>
			<job value='14' ncpu='3' mem='1351' arrival='4013' remaining='30' budget='15908' succrate='100'/>
			<job value='25' ncpu='5' mem='687' arrival='4978' remaining='30' budget='53774' succrate='100'/>
			<job value='15' ncpu='6' mem='1233' arrival='5673' remaining='35' budget='55763' succrate='100'/>
			<job value='24' ncpu='7' mem='1752' arrival='5919' remaining='30' budget='93903' succrate='100'/>
			<job value='7' ncpu='3' mem='1743' arrival='6745' remaining='30' budget='44496' succrate='100'/>
			<job value='13' ncpu='9' mem='2041' arrival='7582' remaining='30' budget='34524' succrate='100'/>
			<job value='20' ncpu='8' mem='1188' arrival='8089' remaining='30' budget='24143' succrate='100'/>
			<job value='11' ncpu='10' mem='1523' arrival='8394' remaining='30' budget='20911' succrate='100'/>
			<job value='13' ncpu='4' mem='1501' arrival='9335' remaining='35' budget='92809' succrate='100'/>
			<job value='22' ncpu='2' mem='1180' arrival='9850' remaining='30' budget='67104' succrate='100'/>
			<job value='17' ncpu='10' mem='998' arrival='10648' remaining='35' budget='73834' succrate='100'/>
			<job value='13' ncpu='6' mem='806' arrival='11538' remaining='35' budget='89873' succrate='100'/>
			<job value='30' ncpu='8' mem='1709' arrival='11930' remaining='35' budget='77491' succrate='100'/>
			<job value='30' ncpu='4' mem='852' arrival='12167' remaining='30' budget='72642' succrate='100'/>
			<job value='14' ncpu='6' mem='1306' arrival='12789' remaining='30' budget='90401' succrate='100'/>
			<job value='7' ncpu='2' mem='1181' arrival='12843' remaining='30' budget='92556' succrate='100'/>
			<job value='20' ncpu='1' mem='1875' arrival='13198' remaining='35' budget='27311' succrate='100'/>
			<job value='8' ncpu='4' mem='1607' arrival='13731' remaining='35' budget='34260' succrate='100'/>
			<job value='1' ncpu='4' mem='1719' arrival='14131' remaining='30' budget='46945' succrate='100'/>
			<job value='20' ncpu='2' mem='1462' arrival='14937' remaining='35' budget='16307' succrate='100'/>
			<job value='27' ncpu='7' mem='1788' arrival='15412' remaining='35' budget='70175' succrate='100'/>
			<job value='22' ncpu='8' mem='1464' arrival='15975' remaining='35' budget='52341' succrate='100'/>
		</client>
	</clients>
</sim>

