<sim quantum='5' delta='5' noise='10' migration='1' bid_window='15'>
	<providers>
		<provider state='on' market_status='free' agent='NO_INC' name='p0' incparam='1' decparam='1'>
			<resource ncpu='17' mem='3278'/>
			<resource ncpu='13' mem='3803'/>
			<resource ncpu='13' mem='3001'/>
		</provider>
		<provider state='on' market_status='free' agent='NO_INC' name='p1' incparam='1' decparam='1'>
			<resource ncpu='18' mem='2600'/>
			<resource ncpu='11' mem='4018'/>
			<resource ncpu='17' mem='4054'/>
		</provider>
		<provider state='on' market_status='free' agent='NO_INC' name='p2' incparam='1' decparam='1'>
			<resource ncpu='13' mem='4050'/>
			<resource ncpu='11' mem='3912'/>
			<resource ncpu='12' mem='2580'/>
		</provider>
		<provider state='on' market_status='free' agent='NO_INC' name='p3' incparam='1' decparam='1'>
			<resource ncpu='11' mem='2997'/>
			<resource ncpu='20' mem='2856'/>
			<resource ncpu='11' mem='3758'/>
		</provider>
		<provider state='on' market_status='free' agent='NO_INC' name='p4' incparam='1' decparam='1'>
			<resource ncpu='11' mem='3294'/>
			<resource ncpu='19' mem='3665'/>
			<resource ncpu='19' mem='3986'/>
		</provider>
		<provider state='on' market_status='free' agent='NO_INC' name='p5' incparam='1' decparam='1'>
			<resource ncpu='17' mem='3278'/>
			<resource ncpu='13' mem='3803'/>
			<resource ncpu='13' mem='3001'/>
		</provider>
		<provider state='on' market_status='free' agent='NO_INC' name='p6' incparam='1' decparam='1'>
			<resource ncpu='18' mem='2600'/>
			<resource ncpu='11' mem='4018'/>
			<resource ncpu='17' mem='4054'/>
		</provider>
	</providers>

	<clients>
		<client agent='AVOID_MIGRATION' name='c0'>
			<job value='45' ncpu='4' mem='1627' arrival='200' remaining='100' budget='35052' succrate='5'/>
		</client>
		<client agent='AVOID_MIGRATION' name='c1'>
			<job value='45' ncpu='4' mem='1627' arrival='200' remaining='100' budget='35052' succrate='100'/>
		</client>
		<client agent='AVOID_MIGRATION' name='c2'>
			<job value='41' ncpu='3' mem='636' arrival='5' remaining='30' budget='79819' succrate='50'/>
			<job value='12' ncpu='3' mem='1897' arrival='8' remaining='35' budget='19589' succrate='50'/>
			<job value='2' ncpu='10' mem='1934' arrival='14' remaining='35' budget='62418' succrate='50'/>
			<job value='9' ncpu='3' mem='1580' arrival='24' remaining='30' budget='55123' succrate='50'/>
			<job value='39' ncpu='5' mem='1702' arrival='25' remaining='30' budget='67114' succrate='50'/>
		</client>
		<client agent='AVOID_MIGRATION' name='c3'>
			<job value='28' ncpu='6' mem='1132' arrival='11' remaining='30' budget='85204' succrate='50'/>
			<job value='27' ncpu='6' mem='536' arrival='12' remaining='35' budget='95904' succrate='50'/>
			<job value='4' ncpu='10' mem='1508' arrival='13' remaining='30' budget='30462' succrate='50'/>
			<job value='31' ncpu='3' mem='2018' arrival='22' remaining='35' budget='45939' succrate='50'/>
			<job value='4' ncpu='6' mem='1748' arrival='25' remaining='30' budget='87181' succrate='50'/>
		</client>
		<client agent='AVOID_MIGRATION' name='c4'>
			<job value='33' ncpu='2' mem='1881' arrival='11' remaining='30' budget='72895' succrate='50'/>
			<job value='31' ncpu='4' mem='665' arrival='12' remaining='30' budget='27611' succrate='50'/>
			<job value='8' ncpu='10' mem='1202' arrival='19' remaining='35' budget='28507' succrate='50'/>
			<job value='22' ncpu='4' mem='1175' arrival='28' remaining='35' budget='87160' succrate='50'/>
			<job value='20' ncpu='4' mem='591' arrival='35' remaining='35' budget='30799' succrate='50'/>
		</client>
		<client agent='AVOID_MIGRATION' name='c5'>
			<job value='44' ncpu='8' mem='526' arrival='11' remaining='30' budget='59772' succrate='50'/>
			<job value='20' ncpu='2' mem='1669' arrival='18' remaining='35' budget='47082' succrate='50'/>
			<job value='6' ncpu='4' mem='1909' arrival='22' remaining='35' budget='23355' succrate='50'/>
			<job value='15' ncpu='5' mem='895' arrival='26' remaining='30' budget='10156' succrate='50'/>
			<job value='2' ncpu='1' mem='868' arrival='29' remaining='35' budget='95108' succrate='50'/>
		</client>
		<client agent='AVOID_MIGRATION' name='c6'>
			<job value='42' ncpu='6' mem='1701' arrival='9' remaining='30' budget='38760' succrate='50'/>
			<job value='2' ncpu='5' mem='1006' arrival='17' remaining='30' budget='41336' succrate='50'/>
			<job value='10' ncpu='10' mem='1007' arrival='23' remaining='30' budget='21559' succrate='50'/>
			<job value='42' ncpu='2' mem='1879' arrival='29' remaining='35' budget='62282' succrate='50'/>
			<job value='4' ncpu='1' mem='1704' arrival='34' remaining='35' budget='63390' succrate='50'/>
		</client>
		<client agent='AVOID_MIGRATION' name='c7'>
			<job value='37' ncpu='7' mem='1798' arrival='2' remaining='35' budget='42435' succrate='50'/>
			<job value='35' ncpu='2' mem='1465' arrival='8' remaining='30' budget='47260' succrate='50'/>
			<job value='38' ncpu='7' mem='1451' arrival='14' remaining='35' budget='37417' succrate='50'/>
			<job value='15' ncpu='6' mem='1654' arrival='24' remaining='35' budget='39732' succrate='50'/>
			<job value='16' ncpu='8' mem='1991' arrival='34' remaining='35' budget='58706' succrate='50'/>
		</client>
		<client agent='AVOID_MIGRATION' name='c8'>
			<job value='43' ncpu='8' mem='1740' arrival='9' remaining='30' budget='71261' succrate='50'/>
			<job value='36' ncpu='2' mem='1730' arrival='19' remaining='30' budget='26980' succrate='50'/>
			<job value='28' ncpu='2' mem='1278' arrival='24' remaining='35' budget='66698' succrate='50'/>
			<job value='24' ncpu='8' mem='1643' arrival='25' remaining='35' budget='85581' succrate='50'/>
			<job value='26' ncpu='2' mem='1917' arrival='28' remaining='35' budget='62879' succrate='50'/>
		</client>
		<client agent='AVOID_MIGRATION' name='c9'>
			<job value='30' ncpu='5' mem='1847' arrival='2' remaining='35' budget='16908' succrate='50'/>
			<job value='44' ncpu='3' mem='1571' arrival='4' remaining='30' budget='44565' succrate='50'/>
			<job value='12' ncpu='3' mem='1858' arrival='12' remaining='35' budget='39598' succrate='50'/>
			<job value='1' ncpu='4' mem='1165' arrival='21' remaining='30' budget='34812' succrate='50'/>
			<job value='22' ncpu='6' mem='557' arrival='29' remaining='30' budget='82319' succrate='50'/>
		</client>
	</clients>
</sim>

