<sim quantum='5' delta='5' noise='10' migration='1' bid_window='15'>
	<providers>
		<provider state='on' market_status='free' agent='NO_INC' name='p0' incparam='5' decparam='1'>
			<resource ncpu='16' mem='2844'/>
			<resource ncpu='19' mem='3700'/>
			<resource ncpu='12' mem='3727'/>
		</provider>
		<provider state='on' market_status='free' agent='NO_INC' name='p1' incparam='5' decparam='1'>
			<resource ncpu='19' mem='3608'/>
			<resource ncpu='12' mem='2632'/>
			<resource ncpu='18' mem='3629'/>
		</provider>
		<provider state='on' market_status='free' agent='NO_INC' name='p2' incparam='5' decparam='1'>
			<resource ncpu='13' mem='3895'/>
			<resource ncpu='19' mem='4093'/>
			<resource ncpu='11' mem='3993'/>
		</provider>
	</providers>

	<clients>
		<client agent='AVOID_MIGRATION' name='c0'>
			<job value='19' ncpu='9' mem='916' arrival='9' remaining='30' budget='94982' succrate='100'/>
			<job value='38' ncpu='9' mem='1331' arrival='16' remaining='35' budget='74002' succrate='100'/>
			<job value='15' ncpu='5' mem='898' arrival='24' remaining='35' budget='17133' succrate='100'/>
			<job value='22' ncpu='1' mem='1252' arrival='33' remaining='35' budget='27577' succrate='100'/>
			<job value='23' ncpu='9' mem='1143' arrival='36' remaining='35' budget='18612' succrate='100'/>
			<job value='12' ncpu='8' mem='1125' arrival='37' remaining='35' budget='94021' succrate='100'/>
			<job value='39' ncpu='5' mem='738' arrival='44' remaining='30' budget='40663' succrate='100'/>
			<job value='41' ncpu='4' mem='1913' arrival='47' remaining='35' budget='53654' succrate='100'/>
			<job value='2' ncpu='10' mem='1345' arrival='52' remaining='35' budget='81229' succrate='100'/>
			<job value='30' ncpu='1' mem='1022' arrival='57' remaining='35' budget='14895' succrate='100'/>
		</client>
		<client agent='AVOID_MIGRATION' name='c1'>
			<job value='36' ncpu='5' mem='1648' arrival='5' remaining='30' budget='42656' succrate='100'/>
			<job value='7' ncpu='2' mem='1359' arrival='11' remaining='30' budget='33987' succrate='100'/>
			<job value='33' ncpu='2' mem='1136' arrival='13' remaining='30' budget='27995' succrate='100'/>
			<job value='34' ncpu='7' mem='845' arrival='23' remaining='35' budget='23077' succrate='100'/>
			<job value='44' ncpu='1' mem='1539' arrival='25' remaining='35' budget='83957' succrate='100'/>
			<job value='5' ncpu='1' mem='1390' arrival='28' remaining='30' budget='89632' succrate='100'/>
			<job value='22' ncpu='8' mem='1205' arrival='32' remaining='30' budget='73456' succrate='100'/>
			<job value='13' ncpu='6' mem='879' arrival='33' remaining='35' budget='95361' succrate='100'/>
			<job value='12' ncpu='4' mem='1088' arrival='38' remaining='30' budget='58088' succrate='100'/>
			<job value='15' ncpu='8' mem='1414' arrival='40' remaining='30' budget='62846' succrate='100'/>
		</client>
		<client agent='AVOID_MIGRATION' name='c2'>
			<job value='14' ncpu='2' mem='1618' arrival='3' remaining='30' budget='80984' succrate='100'/>
			<job value='11' ncpu='3' mem='1366' arrival='10' remaining='35' budget='34770' succrate='100'/>
			<job value='29' ncpu='1' mem='1919' arrival='14' remaining='35' budget='80164' succrate='100'/>
			<job value='32' ncpu='5' mem='643' arrival='18' remaining='30' budget='98857' succrate='100'/>
			<job value='1' ncpu='10' mem='1755' arrival='26' remaining='30' budget='51083' succrate='100'/>
			<job value='11' ncpu='7' mem='1193' arrival='33' remaining='30' budget='87182' succrate='100'/>
			<job value='35' ncpu='10' mem='1138' arrival='39' remaining='30' budget='73563' succrate='100'/>
			<job value='36' ncpu='10' mem='946' arrival='44' remaining='35' budget='11891' succrate='100'/>
			<job value='20' ncpu='2' mem='2031' arrival='50' remaining='30' budget='14984' succrate='100'/>
			<job value='45' ncpu='10' mem='1944' arrival='58' remaining='35' budget='80192' succrate='100'/>
		</client>
		<client agent='AVOID_MIGRATION' name='c3'>
			<job value='18' ncpu='9' mem='1272' arrival='8' remaining='30' budget='52305' succrate='100'/>
			<job value='17' ncpu='2' mem='939' arrival='17' remaining='30' budget='30767' succrate='100'/>
			<job value='24' ncpu='10' mem='1198' arrival='18' remaining='30' budget='47723' succrate='100'/>
			<job value='35' ncpu='4' mem='1736' arrival='21' remaining='35' budget='86120' succrate='100'/>
			<job value='10' ncpu='6' mem='1094' arrival='25' remaining='30' budget='22468' succrate='100'/>
			<job value='34' ncpu='7' mem='800' arrival='31' remaining='35' budget='80405' succrate='100'/>
			<job value='30' ncpu='3' mem='1065' arrival='40' remaining='30' budget='19141' succrate='100'/>
			<job value='23' ncpu='1' mem='1767' arrival='49' remaining='30' budget='78025' succrate='100'/>
			<job value='17' ncpu='4' mem='1950' arrival='56' remaining='35' budget='98261' succrate='100'/>
			<job value='31' ncpu='4' mem='556' arrival='61' remaining='35' budget='48017' succrate='100'/>
		</client>
		<client agent='AVOID_MIGRATION' name='c4'>
			<job value='41' ncpu='8' mem='1559' arrival='10' remaining='35' budget='19855' succrate='100'/>
			<job value='22' ncpu='1' mem='1213' arrival='14' remaining='30' budget='83330' succrate='100'/>
			<job value='1' ncpu='6' mem='1043' arrival='22' remaining='30' budget='79671' succrate='100'/>
			<job value='24' ncpu='2' mem='590' arrival='30' remaining='35' budget='61653' succrate='100'/>
			<job value='17' ncpu='10' mem='1974' arrival='32' remaining='35' budget='91266' succrate='100'/>
			<job value='21' ncpu='9' mem='1481' arrival='39' remaining='35' budget='32047' succrate='100'/>
			<job value='29' ncpu='7' mem='930' arrival='47' remaining='35' budget='50832' succrate='100'/>
			<job value='39' ncpu='5' mem='1091' arrival='54' remaining='35' budget='44350' succrate='100'/>
			<job value='15' ncpu='5' mem='584' arrival='63' remaining='35' budget='77957' succrate='100'/>
			<job value='40' ncpu='8' mem='1334' arrival='69' remaining='35' budget='26219' succrate='100'/>
		</client>
	</clients>
</sim>

